<?xml version="1.0" encoding="UTF-8"?>

<AllergyIntolerance xmlns="http://hl7.org/fhir">
  <id value="allergyIntolerance1"/>
  <meta>
    <profile value="https://www.ehealth.fgov.be/standards/fhir/StructureDefinition/be-allergyintolerance"/>
  </meta>
  <text>
    <status value="generated"/><div xmlns="http://www.w3.org/1999/xhtml"><p><b>Generated Narrative</b></p><h3>Ids</h3><table class="grid"><tr><td>-</td></tr><tr><td>*</td></tr></table><h3>Meta</h3><table class="grid"><tr><td>-</td></tr><tr><td>*</td></tr></table><p><b>clinicalStatus</b>: <span title="Codes: {http://terminology.hl7.org/CodeSystem/allergyintolerance-clinical active}">Active</span></p><p><b>verificationStatus</b>: <span title="Codes: {http://terminology.hl7.org/CodeSystem/allergyintolerance-verification confirmed}">Confirmed</span></p><p><b>type</b>: allergy</p><p><b>category</b>: food</p><p><b>criticality</b>: high</p><p><b>code</b>: <span title="Codes: {http://snomed.info/sct 278840001}">Allergic to shrimp</span></p><p><b>patient</b>: <a href="Patient-patient1.html">Generated Summary: Social Beneficiary Identifier: 79121137740 (OFFICIAL), Medical record number: 45XXP0PA-4 (USUAL); active; Josephine Nessa La Paradisio (OFFICIAL); nessa.laparadisio@belgium.be, Phone: +322476792979, Phone: +3226718655, Phone: +322476799; gender: female; birthDate: 1979-12-11; <span title="Codes: {http://terminology.hl7.org/CodeSystem/v3-MaritalStatus D}, {https://www.ehealth.fgov.be/standards/fhir/CodeSystem/cd-civilstate 41}">Divorced</span></a></p><p><b>onset</b>: 2004</p><p><b>recordedDate</b>: Oct 9, 2014 5:58:00 AM</p><p><b>recorder</b>: <a href="Practitioner-practitioner1.html">Generated Summary: id: 79121137740 (OFFICIAL), id: 18749704477 (OFFICIAL); Katherine Pulaski (OFFICIAL); katherine.pulaski@enterprisehospital.be, Phone: 022675198, Fax: 022675209; gender: female; birthDate: 1979-12-11</a></p><p><b>asserter</b>: <a href="Patient-patient1.html">Generated Summary: Social Beneficiary Identifier: 79121137740 (OFFICIAL), Medical record number: 45XXP0PA-4 (USUAL); active; Josephine Nessa La Paradisio (OFFICIAL); nessa.laparadisio@belgium.be, Phone: +322476792979, Phone: +3226718655, Phone: +322476799; gender: female; birthDate: 1979-12-11; <span title="Codes: {http://terminology.hl7.org/CodeSystem/v3-MaritalStatus D}, {https://www.ehealth.fgov.be/standards/fhir/CodeSystem/cd-civilstate 41}">Divorced</span></a></p><p><b>lastOccurrence</b>: 2012-06</p><p><b>note</b>: Some extra information can be given here.</p><h3>Reactions</h3><table class="grid"><tr><td>-</td><td><b>Manifestation</b></td><td><b>Onset</b></td><td><b>Severity</b></td></tr><tr><td>*</td><td><span title="Codes: {http://snomed.info/sct 39579001}">Anaphylactic reaction</span></td><td>2012-06-12</td><td>severe</td></tr></table></div>
  </text>
  <clinicalStatus>
    <coding>
      <system value="http://terminology.hl7.org/CodeSystem/allergyintolerance-clinical"/>
      <code value="active"/>
      <display value="Active"/>
    </coding>
  </clinicalStatus>
  <verificationStatus>
    <coding>
      <system value="http://terminology.hl7.org/CodeSystem/allergyintolerance-verification"/>
      <code value="confirmed"/>
    </coding>
  </verificationStatus>
  <type value="allergy"/>
  <category value="food"/>
  <criticality value="high"/>
  <code>
    <coding>
      <system value="http://snomed.info/sct"/>
      <code value="278840001"/>
      <display value="Shrimp (substance)"/>
    </coding>
    <text value="Allergic to shrimp"/>
  </code>
  <patient>
    <reference value="Patient/patient1"/>
  </patient>
  <onsetDateTime value="2004"/>
  <recordedDate value="2014-10-09T14:58:00+11:00"/>
  <recorder>
    <reference value="Practitioner/practitioner1"/>
  </recorder>
  <asserter>
    <reference value="Patient/patient1"/>
  </asserter>
  <lastOccurrence value="2012-06"/>
  <note>
    <text value="Some extra information can be given here."/>
  </note>
  <reaction>
    <manifestation>
      <coding>
        <system value="http://snomed.info/sct"/>
        <code value="39579001"/>
        <display value="Anaphylactic reaction"/>
      </coding>
    </manifestation>
    <onset value="2012-06-12"/>
    <severity value="severe"/>
  </reaction>
</AllergyIntolerance>