<?xml version="1.0" encoding="UTF-8"?>

<CodeSystem xmlns="http://hl7.org/fhir">
  <id value="cd-fed-country"/>
  <text>
    <status value="generated"/><div xmlns="http://www.w3.org/1999/xhtml"><p>This code system https://www.ehealth.fgov.be/standards/fhir/CodeSystem/cd-fed-country defines many codes, of which the following are a subset:</p><table class="codes"><tr><td style="white-space:nowrap"><b>Code</b></td><td><b>Display</b></td></tr><tr><td style="white-space:nowrap">BE<a name="cd-fed-country-BE"> </a></td><td>Belgium</td></tr></table></div>
  </text>
  <url value="https://www.ehealth.fgov.be/standards/fhir/CodeSystem/cd-fed-country"/>
  <version value="1.1.0"/>
  <name value="Cdfedcountry"/>
  <title value="CodeSystem CD-FED-COUNTRY"/>
  <status value="active"/>
  <date value="2021-02-12T12:13:57+01:00"/>
  <publisher value="eHealth Platform"/>
  <contact>
    <name value="eHealth Platform"/>
    <telecom>
      <system value="url"/>
      <value value="https://www.ehealth.fgov.be"/>
    </telecom>
  </contact>
  <contact>
    <name value="Message structure"/>
    <telecom>
      <system value="email"/>
      <value value="message-structure@ehealth.fgov.be"/>
    </telecom>
  </contact>
  <description value="FedICT country codes."/>
  <content value="fragment"/>
  <concept>
    <code value="BE"/>
    <display value="Belgium"/>
  </concept>
</CodeSystem>