<?xml version="1.0" encoding="UTF-8"?>

<Provenance xmlns="http://hl7.org/fhir">
  <id value="provenance1"/>
  <meta>
    <profile value="https://www.ehealth.fgov.be/standards/fhir/StructureDefinition/be-provenance"/>
  </meta>
  <text>
    <status value="generated"/><div xmlns="http://www.w3.org/1999/xhtml"><p><b>Generated Narrative</b></p><h3>Ids</h3><table class="grid"><tr><td>-</td></tr><tr><td>*</td></tr></table><h3>Meta</h3><table class="grid"><tr><td>-</td></tr><tr><td>*</td></tr></table><p><b>target</b>: <a href="Patient-patient1.html">Generated Summary: Social Beneficiary Identifier: 79121137740 (OFFICIAL), Medical record number: 45XXP0PA-4 (USUAL); active; Josephine Nessa La Paradisio (OFFICIAL); nessa.laparadisio@belgium.be, Phone: +322476792979, Phone: +3226718655, Phone: +322476799; gender: female; birthDate: 1979-12-11; <span title="Codes: {http://terminology.hl7.org/CodeSystem/v3-MaritalStatus D}, {https://www.ehealth.fgov.be/standards/fhir/CodeSystem/cd-civilstate 41}">Divorced</span></a></p><p><b>recorded</b>: Jun 27, 2019 8:39:24 AM</p><p><b>reason</b>: <span title="Codes: {http://terminology.hl7.org/CodeSystem/v3-ActReason HOPERAT}">Healthcare Operations</span></p><p><b>activity</b>: <span title="Codes: {http://terminology.hl7.org/CodeSystem/v3-DataOperation CREATE}">create</span></p><h3>Agents</h3><table class="grid"><tr><td>-</td><td><b>Type</b></td><td><b>Who</b></td></tr><tr><td>*</td><td><span title="Codes: {http://terminology.hl7.org/CodeSystem/provenance-participant-type author}">Author</span></td><td><a href="Organization-organization1.html">Enterprise Hospital Ziekenhuis. Generated Summary: Provider Number: 0425.222.333 (OFFICIAL), Medical License number: 999999999 (OFFICIAL); active; <span title="Codes: {https://www.ehealth.fgov.be/standards/fhir/CodeSystem/cd-hcparty orghospital}">hospital</span>; name: Enterprise Hospital Ziekenhuis; Phone: 322675199</a></td></tr></table></div>
  </text>
  <target>
    <reference value="Patient/patient1"/>
  </target>
  <recorded value="2019-06-27T08:39:24+02:00"/>
  <reason>
    <coding>
      <system value="http://terminology.hl7.org/CodeSystem/v3-ActReason"/>
      <code value="HOPERAT"/>
      <display value="Healthcare Operations"/>
    </coding>
  </reason>
  <activity>
    <coding>
      <system value="http://terminology.hl7.org/CodeSystem/v3-DataOperation"/>
      <code value="CREATE"/>
    </coding>
  </activity>
  <agent>
    <type>
      <coding>
        <system value="http://terminology.hl7.org/CodeSystem/provenance-participant-type"/>
        <code value="author"/>
      </coding>
    </type>
    <who>
      <reference value="Organization/organization1"/>
      <display value="Enterprise Hospital Ziekenhuis"/>
    </who>
  </agent>
</Provenance>