<?xml version="1.0" encoding="UTF-8"?>

<ValueSet xmlns="http://hl7.org/fhir">
  <id value="be-riskmanifestation"/>
  <text>
    <status value="generated"/><div xmlns="http://www.w3.org/1999/xhtml"><h2>BeRiskManifestation</h2><div><p>Codes as communicated by NIHDI and the FPS Terminology Center differentiating types of risk manifestation. This valueset supports the Belgian federal FHIR profiling effort.</p>
</div><p>This value set includes codes from the following code systems:</p><ul><li>Include these codes as defined in <a href="http://www.snomed.org/"><code>http://snomed.info/sct</code></a><table class="none"><tr><td style="white-space:nowrap"><b>Code</b></td><td><b>Display</b></td></tr><tr><td><a href="http://browser.ihtsdotools.org/?perspective=full&amp;conceptId1=473460002">473460002</a></td><td>Allergic conjunctivitis (disorder)</td><td/></tr><tr><td><a href="http://browser.ihtsdotools.org/?perspective=full&amp;conceptId1=39579001">39579001</a></td><td>Anaphylaxis (disorder)</td><td/></tr><tr><td><a href="http://browser.ihtsdotools.org/?perspective=full&amp;conceptId1=41291007">41291007</a></td><td>Angioedema (disorder)</td><td/></tr><tr><td><a href="http://browser.ihtsdotools.org/?perspective=full&amp;conceptId1=195967001">195967001</a></td><td>Asthma (disorder)</td><td/></tr><tr><td><a href="http://browser.ihtsdotools.org/?perspective=full&amp;conceptId1=24079001">24079001</a></td><td>Atopic dermatitis (disorder)</td><td/></tr><tr><td><a href="http://browser.ihtsdotools.org/?perspective=full&amp;conceptId1=4386001">4386001</a></td><td>Bronchospasm (finding)</td><td/></tr><tr><td><a href="http://browser.ihtsdotools.org/?perspective=full&amp;conceptId1=271759003">271759003</a></td><td>Bullous eruption (disorder)</td><td/></tr><tr><td><a href="http://browser.ihtsdotools.org/?perspective=full&amp;conceptId1=698247007">698247007</a></td><td>Cardiac arrhythmia (disorder)</td><td/></tr><tr><td><a href="http://browser.ihtsdotools.org/?perspective=full&amp;conceptId1=410430005">410430005</a></td><td>Cardiorespiratory arrest (disorder)</td><td/></tr><tr><td><a href="http://browser.ihtsdotools.org/?perspective=full&amp;conceptId1=9826008">9826008</a></td><td>Conjunctivitis (disorder)</td><td/></tr><tr><td><a href="http://browser.ihtsdotools.org/?perspective=full&amp;conceptId1=40275004">40275004</a></td><td>Contact dermatitis (disorder)</td><td/></tr><tr><td><a href="http://browser.ihtsdotools.org/?perspective=full&amp;conceptId1=49727002">49727002</a></td><td>Cough (finding)</td><td/></tr><tr><td><a href="http://browser.ihtsdotools.org/?perspective=full&amp;conceptId1=62315008">62315008</a></td><td>Diarrhea (finding)</td><td/></tr><tr><td><a href="http://browser.ihtsdotools.org/?perspective=full&amp;conceptId1=702809001">702809001</a></td><td>Drug reaction with eosinophilia and systemic symptoms (disorder)</td><td/></tr><tr><td><a href="http://browser.ihtsdotools.org/?perspective=full&amp;conceptId1=297942002">297942002</a></td><td>Drug-induced erythema multiforme (disorder)</td><td/></tr><tr><td><a href="http://browser.ihtsdotools.org/?perspective=full&amp;conceptId1=162290004">162290004</a></td><td>Dry eyes (finding)</td><td/></tr><tr><td><a href="http://browser.ihtsdotools.org/?perspective=full&amp;conceptId1=267036007">267036007</a></td><td>Dyspnea (finding)</td><td/></tr><tr><td><a href="http://browser.ihtsdotools.org/?perspective=full&amp;conceptId1=43116000">43116000</a></td><td>Eczema (disorder)</td><td/></tr><tr><td><a href="http://browser.ihtsdotools.org/?perspective=full&amp;conceptId1=51599000">51599000</a></td><td>Edema of larynx (disorder)</td><td/></tr><tr><td><a href="http://browser.ihtsdotools.org/?perspective=full&amp;conceptId1=271807003">271807003</a></td><td>Eruption of skin (disorder)</td><td/></tr><tr><td><a href="http://browser.ihtsdotools.org/?perspective=full&amp;conceptId1=386661006">386661006</a></td><td>Fever (finding)</td><td/></tr><tr><td><a href="http://browser.ihtsdotools.org/?perspective=full&amp;conceptId1=418363000">418363000</a></td><td>Itching of skin (finding)</td><td/></tr><tr><td><a href="http://browser.ihtsdotools.org/?perspective=full&amp;conceptId1=768962006">768962006</a></td><td>Lyell syndrome (disorder)</td><td/></tr><tr><td><a href="http://browser.ihtsdotools.org/?perspective=full&amp;conceptId1=422587007">422587007</a></td><td>Nausea (finding)</td><td/></tr><tr><td><a href="http://browser.ihtsdotools.org/?perspective=full&amp;conceptId1=16932000">16932000</a></td><td>Nausea and vomiting (disorder)</td><td/></tr><tr><td><a href="http://browser.ihtsdotools.org/?perspective=full&amp;conceptId1=359610006">359610006</a></td><td>Ocular hyperemia (disorder)</td><td/></tr><tr><td><a href="http://browser.ihtsdotools.org/?perspective=full&amp;conceptId1=271757001">271757001</a></td><td>Papular eruption (disorder)</td><td/></tr><tr><td><a href="http://browser.ihtsdotools.org/?perspective=full&amp;conceptId1=70076002">70076002</a></td><td>Rhinitis (disorder)</td><td/></tr><tr><td><a href="http://browser.ihtsdotools.org/?perspective=full&amp;conceptId1=91175000">91175000</a></td><td>Seizure (finding)</td><td/></tr><tr><td><a href="http://browser.ihtsdotools.org/?perspective=full&amp;conceptId1=76067001">76067001</a></td><td>Sneezing (finding)</td><td/></tr><tr><td><a href="http://browser.ihtsdotools.org/?perspective=full&amp;conceptId1=73442001">73442001</a></td><td>Stevens-Johnson syndrome (disorder)</td><td/></tr><tr><td><a href="http://browser.ihtsdotools.org/?perspective=full&amp;conceptId1=23924001">23924001</a></td><td>Tight chest (finding)</td><td/></tr><tr><td><a href="http://browser.ihtsdotools.org/?perspective=full&amp;conceptId1=490008">490008</a></td><td>Upper respiratory tract hypersensitivity reaction (disorder)</td><td/></tr><tr><td><a href="http://browser.ihtsdotools.org/?perspective=full&amp;conceptId1=126485001">126485001</a></td><td>Urticaria (disorder)</td><td/></tr><tr><td><a href="http://browser.ihtsdotools.org/?perspective=full&amp;conceptId1=31996006">31996006</a></td><td>Vasculitis (disorder)</td><td/></tr><tr><td><a href="http://browser.ihtsdotools.org/?perspective=full&amp;conceptId1=422400008">422400008</a></td><td>Vomiting (disorder)</td><td/></tr><tr><td><a href="http://browser.ihtsdotools.org/?perspective=full&amp;conceptId1=247472004">247472004</a></td><td>Weal (disorder)</td><td/></tr></table></li></ul><p><b>Additional Language Displays</b></p><table class="codes"><tr><td><b>Code</b></td><td><b>English (English, en)</b></td><td><b>French (Belgium) (fr)</b></td><td><b>Nederlands (België) (Dutch (Belgium), nl)</b></td></tr><tr><td>473460002</td><td>Allergic conjunctivitis</td><td>conjonctivite allergique</td><td>allergische conjunctivitis</td></tr><tr><td>39579001</td><td>Anaphylaxis</td><td>anaphylaxie</td><td>anafylaxie</td></tr><tr><td>41291007</td><td>Angioedema</td><td>angiœdème</td><td>angio-oedeem</td></tr><tr><td>195967001</td><td>Asthma</td><td>asthme</td><td>astma</td></tr><tr><td>24079001</td><td>Atopic dermatitis</td><td>dermatite atopique</td><td>atopische dermatitis</td></tr><tr><td>4386001</td><td>Bronchospasm</td><td>bronchospasme</td><td>bronchospasme</td></tr><tr><td>271759003</td><td>Bullous eruption</td><td>éruption bulleuse</td><td>bulleuse huideruptie</td></tr><tr><td>698247007</td><td>Cardiac arrhythmia</td><td>arythmie cardique</td><td>hartritmestoornis</td></tr><tr><td>410430005</td><td>Cardiorespiratory arrest</td><td>arrêt cardiorespiratoire</td><td>cardiopulmonale stilstand</td></tr><tr><td>9826008</td><td>Conjunctivitis</td><td>conjonctivite</td><td>conjunctivitis</td></tr><tr><td>40275004</td><td>Contact dermatitis</td><td>dermatite de contact</td><td>contactdermatitis</td></tr><tr><td>49727002</td><td>Cough</td><td>toux</td><td>hoesten</td></tr><tr><td>62315008</td><td>Diarrhea</td><td>diarrhée</td><td>diarree</td></tr><tr><td>702809001</td><td>Drug reaction with eosinophilia and systemic symptoms</td><td>réaction médicamenteuse avec éosinophilie et symptômes systémiques</td><td>geneesmiddelexantheem met eosinofilie en systemische symptomen</td></tr><tr><td>297942002</td><td>Drug-induced erythema multiforme</td><td>érythème polymorphe d'origine médicamenteuse</td><td>geneesmiddelengeïnduceerde erythema multiforme</td></tr><tr><td>162290004</td><td>Dry eyes</td><td>sècheresse oculaire</td><td>droge ogen</td></tr><tr><td>267036007</td><td>Dyspnea</td><td>dyspnée</td><td>dyspneu</td></tr><tr><td>43116000</td><td>Eczema</td><td>eczéma</td><td>eczeem</td></tr><tr><td>51599000</td><td>Edema of larynx</td><td>œdème du larynx</td><td>larynxoedeem</td></tr><tr><td>271807003</td><td>Eruption</td><td>éruption cutanée</td><td>huideruptie</td></tr><tr><td>386661006</td><td>Fever</td><td>fièvre</td><td>koorts</td></tr><tr><td>418363000</td><td>Itching of skin</td><td>prurit de la peau</td><td>jeuk van huid</td></tr><tr><td>768962006</td><td>Lyell syndrome</td><td>nécrolyse épidermique toxique</td><td>toxische epidermale necrolyse</td></tr><tr><td>422587007</td><td>Nausea</td><td>nausées</td><td>nausea</td></tr><tr><td>16932000</td><td>Nausea and vomiting</td><td>nausées et vomissements</td><td>nausea en braken</td></tr><tr><td>359610006</td><td>Ocular hyperemia</td><td>hyperémie oculaire</td><td>oculaire hyperemie</td></tr><tr><td>271757001</td><td>Papular eruption</td><td>éruption papuleuse</td><td>papulaire huideruptie</td></tr><tr><td>70076002</td><td>Rhinitis</td><td>rhinite</td><td>rinitis</td></tr><tr><td>91175000</td><td>Seizure</td><td>convulsion</td><td>convulsie</td></tr><tr><td>76067001</td><td>Sneezing</td><td>éternuement</td><td>niezen</td></tr><tr><td>73442001</td><td>Stevens-Johnson syndrome</td><td>syndrome de Stevens-Johnson</td><td>syndroom van Stevens-Johnson</td></tr><tr><td>23924001</td><td>Tight chest</td><td>oppression thoracique</td><td>drukkend gevoel op de borst</td></tr><tr><td>490008</td><td>Upper respiratory tract hypersensitivity reaction</td><td>réaction d'hypersensibilité des voies respiratoires supérieures</td><td>overgevoeligheidsreactie van bovenste luchtwegen</td></tr><tr><td>126485001</td><td>Urticaria</td><td>urticaire</td><td>urticaria</td></tr><tr><td>31996006</td><td>Vasculitis</td><td>vasculite</td><td>vasculitis</td></tr><tr><td>422400008</td><td>Vomiting</td><td>vomissements</td><td>braken</td></tr><tr><td>247472004</td><td>Weal</td><td>éruption urticaire</td><td>urticaire rash</td></tr></table></div>
  </text>
  <url value="https://www.ehealth.fgov.be/standards/fhir/ValueSet/be-riskmanifestation"/>
  <version value="1.0.0"/>
  <name value="BeRiskManifestation"/>
  <status value="active"/>
  <date value="2019-12-19T00:18:49+01:00"/>
  <publisher value="eHealth Platform"/>
  <contact>
    <telecom>
      <system value="other"/>
      <value value="http://hl7.org/Special/committees/fiwg"/>
    </telecom>
  </contact>
  <description value="Codes as communicated by NIHDI and the FPS Terminology Center differentiating types of risk manifestation. This valueset supports the Belgian federal FHIR profiling effort."/>
  <jurisdiction>
    <coding>
      <system value="http://unstats.un.org/unsd/methods/m49/m49.htm"/>
      <code value="001"/>
    </coding>
  </jurisdiction>
  <compose>
    <include>
      <system value="http://snomed.info/sct"/>
      <concept>
        <code value="473460002"/>
        <display value="Allergic conjunctivitis (disorder)"/>
        <designation>
          <use>
            <system value="http://snomed.info/sct"/>
            <code value="900000000000003001"/>
            <display value="Fully specified name"/>
          </use>
          <value value="Allergic conjunctivitis (disorder)"/>
        </designation>
        <designation>
          <language value="en"/>
          <value value="Allergic conjunctivitis"/>
        </designation>
        <designation>
          <language value="nl-BE"/>
          <value value="allergische conjunctivitis"/>
        </designation>
        <designation>
          <language value="fr-BE"/>
          <value value="conjonctivite allergique"/>
        </designation>
      </concept>
      <concept>
        <code value="39579001"/>
        <display value="Anaphylaxis (disorder)"/>
        <designation>
          <use>
            <system value="http://snomed.info/sct"/>
            <code value="900000000000003001"/>
            <display value="Fully specified name"/>
          </use>
          <value value="Anaphylaxis (disorder)"/>
        </designation>
        <designation>
          <language value="en"/>
          <value value="Anaphylaxis"/>
        </designation>
        <designation>
          <language value="nl-BE"/>
          <value value="anafylaxie"/>
        </designation>
        <designation>
          <language value="fr-BE"/>
          <value value="anaphylaxie"/>
        </designation>
      </concept>
      <concept>
        <code value="41291007"/>
        <display value="Angioedema (disorder)"/>
        <designation>
          <use>
            <system value="http://snomed.info/sct"/>
            <code value="900000000000003001"/>
            <display value="Fully specified name"/>
          </use>
          <value value="Angioedema (disorder)"/>
        </designation>
        <designation>
          <language value="en"/>
          <value value="Angioedema"/>
        </designation>
        <designation>
          <language value="nl-BE"/>
          <value value="angio-oedeem"/>
        </designation>
        <designation>
          <language value="fr-BE"/>
          <value value="angi&#x153;d&#xE8;me"/>
        </designation>
      </concept>
      <concept>
        <code value="195967001"/>
        <display value="Asthma (disorder)"/>
        <designation>
          <use>
            <system value="http://snomed.info/sct"/>
            <code value="900000000000003001"/>
            <display value="Fully specified name"/>
          </use>
          <value value="Asthma (disorder)"/>
        </designation>
        <designation>
          <language value="en"/>
          <value value="Asthma"/>
        </designation>
        <designation>
          <language value="nl-BE"/>
          <value value="astma"/>
        </designation>
        <designation>
          <language value="fr-BE"/>
          <value value="asthme"/>
        </designation>
      </concept>
      <concept>
        <code value="24079001"/>
        <display value="Atopic dermatitis (disorder)"/>
        <designation>
          <use>
            <system value="http://snomed.info/sct"/>
            <code value="900000000000003001"/>
            <display value="Fully specified name"/>
          </use>
          <value value="Atopic dermatitis (disorder)"/>
        </designation>
        <designation>
          <language value="en"/>
          <value value="Atopic dermatitis"/>
        </designation>
        <designation>
          <language value="nl-BE"/>
          <value value="atopische dermatitis"/>
        </designation>
        <designation>
          <language value="fr-BE"/>
          <value value="dermatite atopique"/>
        </designation>
      </concept>
      <concept>
        <code value="4386001"/>
        <display value="Bronchospasm (finding)"/>
        <designation>
          <use>
            <system value="http://snomed.info/sct"/>
            <code value="900000000000003001"/>
            <display value="Fully specified name"/>
          </use>
          <value value="Bronchospasm (finding)"/>
        </designation>
        <designation>
          <language value="en"/>
          <value value="Bronchospasm"/>
        </designation>
        <designation>
          <language value="nl-BE"/>
          <value value="bronchospasme"/>
        </designation>
        <designation>
          <language value="fr-BE"/>
          <value value="bronchospasme"/>
        </designation>
      </concept>
      <concept>
        <code value="271759003"/>
        <display value="Bullous eruption (disorder)"/>
        <designation>
          <use>
            <system value="http://snomed.info/sct"/>
            <code value="900000000000003001"/>
            <display value="Fully specified name"/>
          </use>
          <value value="Bullous eruption (disorder)"/>
        </designation>
        <designation>
          <language value="en"/>
          <value value="Bullous eruption"/>
        </designation>
        <designation>
          <language value="nl-BE"/>
          <value value="bulleuse huideruptie"/>
        </designation>
        <designation>
          <language value="fr-BE"/>
          <value value="&#xE9;ruption bulleuse"/>
        </designation>
      </concept>
      <concept>
        <code value="698247007"/>
        <display value="Cardiac arrhythmia (disorder)"/>
        <designation>
          <use>
            <system value="http://snomed.info/sct"/>
            <code value="900000000000003001"/>
            <display value="Fully specified name"/>
          </use>
          <value value="Cardiac arrhythmia (disorder)"/>
        </designation>
        <designation>
          <language value="en"/>
          <value value="Cardiac arrhythmia"/>
        </designation>
        <designation>
          <language value="nl-BE"/>
          <value value="hartritmestoornis"/>
        </designation>
        <designation>
          <language value="fr-BE"/>
          <value value="arythmie cardique"/>
        </designation>
      </concept>
      <concept>
        <code value="410430005"/>
        <display value="Cardiorespiratory arrest (disorder)"/>
        <designation>
          <use>
            <system value="http://snomed.info/sct"/>
            <code value="900000000000003001"/>
            <display value="Fully specified name"/>
          </use>
          <value value="Cardiorespiratory arrest (disorder)"/>
        </designation>
        <designation>
          <language value="en"/>
          <value value="Cardiorespiratory arrest"/>
        </designation>
        <designation>
          <language value="nl-BE"/>
          <value value="cardiopulmonale stilstand"/>
        </designation>
        <designation>
          <language value="fr-BE"/>
          <value value="arr&#xEA;t cardiorespiratoire"/>
        </designation>
      </concept>
      <concept>
        <code value="9826008"/>
        <display value="Conjunctivitis (disorder)"/>
        <designation>
          <use>
            <system value="http://snomed.info/sct"/>
            <code value="900000000000003001"/>
            <display value="Fully specified name"/>
          </use>
          <value value="Conjunctivitis (disorder)"/>
        </designation>
        <designation>
          <language value="en"/>
          <value value="Conjunctivitis"/>
        </designation>
        <designation>
          <language value="nl-BE"/>
          <value value="conjunctivitis"/>
        </designation>
        <designation>
          <language value="fr-BE"/>
          <value value="conjonctivite"/>
        </designation>
      </concept>
      <concept>
        <code value="40275004"/>
        <display value="Contact dermatitis (disorder)"/>
        <designation>
          <use>
            <system value="http://snomed.info/sct"/>
            <code value="900000000000003001"/>
            <display value="Fully specified name"/>
          </use>
          <value value="Contact dermatitis (disorder)"/>
        </designation>
        <designation>
          <language value="en"/>
          <value value="Contact dermatitis"/>
        </designation>
        <designation>
          <language value="nl-BE"/>
          <value value="contactdermatitis"/>
        </designation>
        <designation>
          <language value="fr-BE"/>
          <value value="dermatite de contact"/>
        </designation>
      </concept>
      <concept>
        <code value="49727002"/>
        <display value="Cough (finding)"/>
        <designation>
          <use>
            <system value="http://snomed.info/sct"/>
            <code value="900000000000003001"/>
            <display value="Fully specified name"/>
          </use>
          <value value="Cough (finding)"/>
        </designation>
        <designation>
          <language value="en"/>
          <value value="Cough"/>
        </designation>
        <designation>
          <language value="nl-BE"/>
          <value value="hoesten"/>
        </designation>
        <designation>
          <language value="fr-BE"/>
          <value value="toux"/>
        </designation>
      </concept>
      <concept>
        <code value="62315008"/>
        <display value="Diarrhea (finding)"/>
        <designation>
          <use>
            <system value="http://snomed.info/sct"/>
            <code value="900000000000003001"/>
            <display value="Fully specified name"/>
          </use>
          <value value="Diarrhea (finding)"/>
        </designation>
        <designation>
          <language value="en"/>
          <value value="Diarrhea"/>
        </designation>
        <designation>
          <language value="nl-BE"/>
          <value value="diarree"/>
        </designation>
        <designation>
          <language value="fr-BE"/>
          <value value="diarrh&#xE9;e"/>
        </designation>
      </concept>
      <concept>
        <code value="702809001"/>
        <display value="Drug reaction with eosinophilia and systemic symptoms (disorder)"/>
        <designation>
          <use>
            <system value="http://snomed.info/sct"/>
            <code value="900000000000003001"/>
            <display value="Fully specified name"/>
          </use>
          <value value="Drug reaction with eosinophilia and systemic symptoms (disorder)"/>
        </designation>
        <designation>
          <language value="en"/>
          <value value="Drug reaction with eosinophilia and systemic symptoms"/>
        </designation>
        <designation>
          <language value="nl-BE"/>
          <value value="geneesmiddelexantheem met eosinofilie en systemische symptomen"/>
        </designation>
        <designation>
          <language value="fr-BE"/>
          <value value="r&#xE9;action m&#xE9;dicamenteuse avec &#xE9;osinophilie et sympt&#xF4;mes syst&#xE9;miques"/>
        </designation>
      </concept>
      <concept>
        <code value="297942002"/>
        <display value="Drug-induced erythema multiforme (disorder)"/>
        <designation>
          <use>
            <system value="http://snomed.info/sct"/>
            <code value="900000000000003001"/>
            <display value="Fully specified name"/>
          </use>
          <value value="Drug-induced erythema multiforme (disorder)"/>
        </designation>
        <designation>
          <language value="en"/>
          <value value="Drug-induced erythema multiforme"/>
        </designation>
        <designation>
          <language value="nl-BE"/>
          <value value="geneesmiddelenge&#xEF;nduceerde erythema multiforme"/>
        </designation>
        <designation>
          <language value="fr-BE"/>
          <value value="&#xE9;ryth&#xE8;me polymorphe d&#39;origine m&#xE9;dicamenteuse"/>
        </designation>
      </concept>
      <concept>
        <code value="162290004"/>
        <display value="Dry eyes (finding)"/>
        <designation>
          <use>
            <system value="http://snomed.info/sct"/>
            <code value="900000000000003001"/>
            <display value="Fully specified name"/>
          </use>
          <value value="Dry eyes (finding)"/>
        </designation>
        <designation>
          <language value="en"/>
          <value value="Dry eyes"/>
        </designation>
        <designation>
          <language value="nl-BE"/>
          <value value="droge ogen"/>
        </designation>
        <designation>
          <language value="fr-BE"/>
          <value value="s&#xE8;cheresse oculaire"/>
        </designation>
      </concept>
      <concept>
        <code value="267036007"/>
        <display value="Dyspnea (finding)"/>
        <designation>
          <use>
            <system value="http://snomed.info/sct"/>
            <code value="900000000000003001"/>
            <display value="Fully specified name"/>
          </use>
          <value value="Dyspnea (finding)"/>
        </designation>
        <designation>
          <language value="en"/>
          <value value="Dyspnea"/>
        </designation>
        <designation>
          <language value="nl-BE"/>
          <value value="dyspneu"/>
        </designation>
        <designation>
          <language value="fr-BE"/>
          <value value="dyspn&#xE9;e"/>
        </designation>
      </concept>
      <concept>
        <code value="43116000"/>
        <display value="Eczema (disorder)"/>
        <designation>
          <use>
            <system value="http://snomed.info/sct"/>
            <code value="900000000000003001"/>
            <display value="Fully specified name"/>
          </use>
          <value value="Eczema (disorder)"/>
        </designation>
        <designation>
          <language value="en"/>
          <value value="Eczema"/>
        </designation>
        <designation>
          <language value="nl-BE"/>
          <value value="eczeem"/>
        </designation>
        <designation>
          <language value="fr-BE"/>
          <value value="ecz&#xE9;ma"/>
        </designation>
      </concept>
      <concept>
        <code value="51599000"/>
        <display value="Edema of larynx (disorder)"/>
        <designation>
          <use>
            <system value="http://snomed.info/sct"/>
            <code value="900000000000003001"/>
            <display value="Fully specified name"/>
          </use>
          <value value="Edema of larynx (disorder)"/>
        </designation>
        <designation>
          <language value="en"/>
          <value value="Edema of larynx"/>
        </designation>
        <designation>
          <language value="nl-BE"/>
          <value value="larynxoedeem"/>
        </designation>
        <designation>
          <language value="fr-BE"/>
          <value value="&#x153;d&#xE8;me du larynx"/>
        </designation>
      </concept>
      <concept>
        <code value="271807003"/>
        <display value="Eruption of skin (disorder)"/>
        <designation>
          <use>
            <system value="http://snomed.info/sct"/>
            <code value="900000000000003001"/>
            <display value="Fully specified name"/>
          </use>
          <value value="Eruption of skin (disorder)"/>
        </designation>
        <designation>
          <language value="en"/>
          <value value="Eruption"/>
        </designation>
        <designation>
          <language value="nl-BE"/>
          <value value="huideruptie"/>
        </designation>
        <designation>
          <language value="fr-BE"/>
          <value value="&#xE9;ruption cutan&#xE9;e"/>
        </designation>
      </concept>
      <concept>
        <code value="386661006"/>
        <display value="Fever (finding)"/>
        <designation>
          <use>
            <system value="http://snomed.info/sct"/>
            <code value="900000000000003001"/>
            <display value="Fully specified name"/>
          </use>
          <value value="Fever (finding)"/>
        </designation>
        <designation>
          <language value="en"/>
          <value value="Fever"/>
        </designation>
        <designation>
          <language value="nl-BE"/>
          <value value="koorts"/>
        </designation>
        <designation>
          <language value="fr-BE"/>
          <value value="fi&#xE8;vre"/>
        </designation>
      </concept>
      <concept>
        <code value="418363000"/>
        <display value="Itching of skin (finding)"/>
        <designation>
          <use>
            <system value="http://snomed.info/sct"/>
            <code value="900000000000003001"/>
            <display value="Fully specified name"/>
          </use>
          <value value="Itching of skin (finding)"/>
        </designation>
        <designation>
          <language value="en"/>
          <value value="Itching of skin"/>
        </designation>
        <designation>
          <language value="nl-BE"/>
          <value value="jeuk van huid"/>
        </designation>
        <designation>
          <language value="fr-BE"/>
          <value value="prurit de la peau"/>
        </designation>
      </concept>
      <concept>
        <code value="768962006"/>
        <display value="Lyell syndrome (disorder)"/>
        <designation>
          <use>
            <system value="http://snomed.info/sct"/>
            <code value="900000000000003001"/>
            <display value="Fully specified name"/>
          </use>
          <value value="Lyell syndrome (disorder)"/>
        </designation>
        <designation>
          <language value="en"/>
          <value value="Lyell syndrome"/>
        </designation>
        <designation>
          <language value="nl-BE"/>
          <value value="toxische epidermale necrolyse"/>
        </designation>
        <designation>
          <language value="fr-BE"/>
          <value value="n&#xE9;crolyse &#xE9;pidermique toxique"/>
        </designation>
      </concept>
      <concept>
        <code value="422587007"/>
        <display value="Nausea (finding)"/>
        <designation>
          <use>
            <system value="http://snomed.info/sct"/>
            <code value="900000000000003001"/>
            <display value="Fully specified name"/>
          </use>
          <value value="Nausea (finding)"/>
        </designation>
        <designation>
          <language value="en"/>
          <value value="Nausea"/>
        </designation>
        <designation>
          <language value="nl-BE"/>
          <value value="nausea"/>
        </designation>
        <designation>
          <language value="fr-BE"/>
          <value value="naus&#xE9;es"/>
        </designation>
      </concept>
      <concept>
        <code value="16932000"/>
        <display value="Nausea and vomiting (disorder)"/>
        <designation>
          <use>
            <system value="http://snomed.info/sct"/>
            <code value="900000000000003001"/>
            <display value="Fully specified name"/>
          </use>
          <value value="Nausea and vomiting (disorder)"/>
        </designation>
        <designation>
          <language value="en"/>
          <value value="Nausea and vomiting"/>
        </designation>
        <designation>
          <language value="nl-BE"/>
          <value value="nausea en braken"/>
        </designation>
        <designation>
          <language value="fr-BE"/>
          <value value="naus&#xE9;es et vomissements"/>
        </designation>
      </concept>
      <concept>
        <code value="359610006"/>
        <display value="Ocular hyperemia (disorder)"/>
        <designation>
          <use>
            <system value="http://snomed.info/sct"/>
            <code value="900000000000003001"/>
            <display value="Fully specified name"/>
          </use>
          <value value="Ocular hyperemia (disorder)"/>
        </designation>
        <designation>
          <language value="en"/>
          <value value="Ocular hyperemia"/>
        </designation>
        <designation>
          <language value="nl-BE"/>
          <value value="oculaire hyperemie"/>
        </designation>
        <designation>
          <language value="fr-BE"/>
          <value value="hyper&#xE9;mie oculaire"/>
        </designation>
      </concept>
      <concept>
        <code value="271757001"/>
        <display value="Papular eruption (disorder)"/>
        <designation>
          <use>
            <system value="http://snomed.info/sct"/>
            <code value="900000000000003001"/>
            <display value="Fully specified name"/>
          </use>
          <value value="Papular eruption (disorder)"/>
        </designation>
        <designation>
          <language value="en"/>
          <value value="Papular eruption"/>
        </designation>
        <designation>
          <language value="nl-BE"/>
          <value value="papulaire huideruptie"/>
        </designation>
        <designation>
          <language value="fr-BE"/>
          <value value="&#xE9;ruption papuleuse"/>
        </designation>
      </concept>
      <concept>
        <code value="70076002"/>
        <display value="Rhinitis (disorder)"/>
        <designation>
          <use>
            <system value="http://snomed.info/sct"/>
            <code value="900000000000003001"/>
            <display value="Fully specified name"/>
          </use>
          <value value="Rhinitis (disorder)"/>
        </designation>
        <designation>
          <language value="en"/>
          <value value="Rhinitis"/>
        </designation>
        <designation>
          <language value="nl-BE"/>
          <value value="rinitis"/>
        </designation>
        <designation>
          <language value="fr-BE"/>
          <value value="rhinite"/>
        </designation>
      </concept>
      <concept>
        <code value="91175000"/>
        <display value="Seizure (finding)"/>
        <designation>
          <use>
            <system value="http://snomed.info/sct"/>
            <code value="900000000000003001"/>
            <display value="Fully specified name"/>
          </use>
          <value value="Seizure (finding)"/>
        </designation>
        <designation>
          <language value="en"/>
          <value value="Seizure"/>
        </designation>
        <designation>
          <language value="nl-BE"/>
          <value value="convulsie"/>
        </designation>
        <designation>
          <language value="fr-BE"/>
          <value value="convulsion"/>
        </designation>
      </concept>
      <concept>
        <code value="76067001"/>
        <display value="Sneezing (finding)"/>
        <designation>
          <use>
            <system value="http://snomed.info/sct"/>
            <code value="900000000000003001"/>
            <display value="Fully specified name"/>
          </use>
          <value value="Sneezing (finding)"/>
        </designation>
        <designation>
          <language value="en"/>
          <value value="Sneezing"/>
        </designation>
        <designation>
          <language value="nl-BE"/>
          <value value="niezen"/>
        </designation>
        <designation>
          <language value="fr-BE"/>
          <value value="&#xE9;ternuement"/>
        </designation>
      </concept>
      <concept>
        <code value="73442001"/>
        <display value="Stevens-Johnson syndrome (disorder)"/>
        <designation>
          <use>
            <system value="http://snomed.info/sct"/>
            <code value="900000000000003001"/>
            <display value="Fully specified name"/>
          </use>
          <value value="Stevens-Johnson syndrome (disorder)"/>
        </designation>
        <designation>
          <language value="en"/>
          <value value="Stevens-Johnson syndrome"/>
        </designation>
        <designation>
          <language value="nl-BE"/>
          <value value="syndroom van Stevens-Johnson"/>
        </designation>
        <designation>
          <language value="fr-BE"/>
          <value value="syndrome de Stevens-Johnson"/>
        </designation>
      </concept>
      <concept>
        <code value="23924001"/>
        <display value="Tight chest (finding)"/>
        <designation>
          <use>
            <system value="http://snomed.info/sct"/>
            <code value="900000000000003001"/>
            <display value="Fully specified name"/>
          </use>
          <value value="Tight chest (finding)"/>
        </designation>
        <designation>
          <language value="en"/>
          <value value="Tight chest"/>
        </designation>
        <designation>
          <language value="nl-BE"/>
          <value value="drukkend gevoel op de borst"/>
        </designation>
        <designation>
          <language value="fr-BE"/>
          <value value="oppression thoracique"/>
        </designation>
      </concept>
      <concept>
        <code value="490008"/>
        <display value="Upper respiratory tract hypersensitivity reaction (disorder)"/>
        <designation>
          <use>
            <system value="http://snomed.info/sct"/>
            <code value="900000000000003001"/>
            <display value="Fully specified name"/>
          </use>
          <value value="Upper respiratory tract hypersensitivity reaction (disorder)"/>
        </designation>
        <designation>
          <language value="en"/>
          <value value="Upper respiratory tract hypersensitivity reaction"/>
        </designation>
        <designation>
          <language value="nl-BE"/>
          <value value="overgevoeligheidsreactie van bovenste luchtwegen"/>
        </designation>
        <designation>
          <language value="fr-BE"/>
          <value value="r&#xE9;action d&#39;hypersensibilit&#xE9; des voies respiratoires sup&#xE9;rieures"/>
        </designation>
      </concept>
      <concept>
        <code value="126485001"/>
        <display value="Urticaria (disorder)"/>
        <designation>
          <use>
            <system value="http://snomed.info/sct"/>
            <code value="900000000000003001"/>
            <display value="Fully specified name"/>
          </use>
          <value value="Urticaria (disorder)"/>
        </designation>
        <designation>
          <language value="en"/>
          <value value="Urticaria"/>
        </designation>
        <designation>
          <language value="nl-BE"/>
          <value value="urticaria"/>
        </designation>
        <designation>
          <language value="fr-BE"/>
          <value value="urticaire"/>
        </designation>
      </concept>
      <concept>
        <code value="31996006"/>
        <display value="Vasculitis (disorder)"/>
        <designation>
          <use>
            <system value="http://snomed.info/sct"/>
            <code value="900000000000003001"/>
            <display value="Fully specified name"/>
          </use>
          <value value="Vasculitis (disorder)"/>
        </designation>
        <designation>
          <language value="en"/>
          <value value="Vasculitis"/>
        </designation>
        <designation>
          <language value="nl-BE"/>
          <value value="vasculitis"/>
        </designation>
        <designation>
          <language value="fr-BE"/>
          <value value="vasculite"/>
        </designation>
      </concept>
      <concept>
        <code value="422400008"/>
        <display value="Vomiting (disorder)"/>
        <designation>
          <use>
            <system value="http://snomed.info/sct"/>
            <code value="900000000000003001"/>
            <display value="Fully specified name"/>
          </use>
          <value value="Vomiting (disorder)"/>
        </designation>
        <designation>
          <language value="en"/>
          <value value="Vomiting"/>
        </designation>
        <designation>
          <language value="nl-BE"/>
          <value value="braken"/>
        </designation>
        <designation>
          <language value="fr-BE"/>
          <value value="vomissements"/>
        </designation>
      </concept>
      <concept>
        <code value="247472004"/>
        <display value="Weal (disorder)"/>
        <designation>
          <use>
            <system value="http://snomed.info/sct"/>
            <code value="900000000000003001"/>
            <display value="Fully specified name"/>
          </use>
          <value value="Weal (disorder)"/>
        </designation>
        <designation>
          <language value="en"/>
          <value value="Weal"/>
        </designation>
        <designation>
          <language value="nl-BE"/>
          <value value="urticaire rash"/>
        </designation>
        <designation>
          <language value="fr-BE"/>
          <value value="&#xE9;ruption urticaire"/>
        </designation>
      </concept>
    </include>
  </compose>
</ValueSet>