<?xml version="1.0" encoding="UTF-8"?><CodeSystem xmlns="http://hl7.org/fhir"><id value="albert"/><text><status value="generated"/><div xmlns="http://www.w3.org/1999/xhtml"><p>This code system https://www.ehealth.fgov.be/standards/fhir/CodeSystem/albert defines many codes, of which the following are a subset:</p><table class="codes"><tr><td style="white-space:nowrap"><b>Code</b></td><td><b>Display</b></td></tr><tr><td style="white-space:nowrap">26223<a name="albert-26223"> </a></td><td>Aldosterone (urine)</td></tr></table></div></text><url value="https://www.ehealth.fgov.be/standards/fhir/CodeSystem/albert"/><version value="1.0.0"/><name value="Albert"/><title value="CodeSystem Albert"/><status value="active"/><date value="2021-02-12T12:13:57+01:00"/><publisher value="eHealth Platform"/><contact><name value="eHealth Platform"/><telecom><system value="url"/><value value="https://www.ehealth.fgov.be"/></telecom></contact><contact><name value="Message structure"/><telecom><system value="email"/><value value="message-structure@ehealth.fgov.be"/></telecom></contact><description value="This code system is to identify Albert code"/><content value="fragment"/><count value="1"/><concept><code value="26223"/><display value="Aldosterone (urine)"/></concept></CodeSystem>