<?xml version="1.0" encoding="UTF-8"?><ImplementationGuide xmlns="http://hl7.org/fhir"><id value="fed.be.core"/><text><status value="extensions"/><div xmlns="http://www.w3.org/1999/xhtml"><h2>TheCoreBelgianFederalFHIRProfiles</h2><p>The official URL for this implementation guide is: </p><pre>https://www.ehealth.fgov.be/standards/fhir/ImplementationGuide/fed.be.core</pre><div><p>The Core Belgian Profiles provide the essential and common requirement for FHIR implementations in Belgium.</p>
</div></div></text><url value="https://www.ehealth.fgov.be/standards/fhir/ImplementationGuide/fed.be.core"/><version value="1.1.0"/><name value="TheCoreBelgianFederalFHIRProfiles"/><title value="The Core Belgian Federal FHIR Profiles"/><status value="active"/><date value="2021-02-12T12:13:57+01:00"/><publisher value="eHealth Platform"/><contact><name value="eHealth Platform"/><telecom><system value="url"/><value value="https://www.ehealth.fgov.be"/></telecom></contact><contact><name value="Message structure"/><telecom><system value="email"/><value value="message-structure@ehealth.fgov.be"/></telecom></contact><description value="The Core Belgian Profiles provide the essential and common requirement for FHIR implementations in Belgium."/><packageId value="fed.be.core"/><license value="CC0-1.0"/><fhirVersion value="4.0.1"/><definition><extension url="http://hl7.org/fhir/tools/StructureDefinition/ig-parameter"><extension url="code"><valueString value="copyrightyear"/></extension><extension url="value"><valueString value="2020+"/></extension></extension><extension url="http://hl7.org/fhir/tools/StructureDefinition/ig-parameter"><extension url="code"><valueString value="releaselabel"/></extension><extension url="value"><valueString value="published"/></extension></extension><extension url="http://hl7.org/fhir/tools/StructureDefinition/ig-parameter"><extension url="code"><valueString value="show-inherited-invariants"/></extension><extension url="value"><valueString value="false"/></extension></extension><extension url="http://hl7.org/fhir/tools/StructureDefinition/ig-parameter"><extension url="code"><valueString value="apply-version"/></extension><extension url="value"><valueString value="false"/></extension></extension><extension url="http://hl7.org/fhir/tools/StructureDefinition/ig-parameter"><extension url="code"><valueString value="path-liquid"/></extension><extension url="value"><valueString value="template/liquid"/></extension></extension><extension url="http://hl7.org/fhir/tools/StructureDefinition/ig-parameter"><extension url="code"><valueString value="path-liquid"/></extension><extension url="value"><valueString value="input/liquid"/></extension></extension><extension url="http://hl7.org/fhir/tools/StructureDefinition/ig-parameter"><extension url="code"><valueString value="path-qa"/></extension><extension url="value"><valueString value="temp/qa"/></extension></extension><extension url="http://hl7.org/fhir/tools/StructureDefinition/ig-parameter"><extension url="code"><valueString value="path-temp"/></extension><extension url="value"><valueString value="temp/pages"/></extension></extension><extension url="http://hl7.org/fhir/tools/StructureDefinition/ig-parameter"><extension url="code"><valueString value="path-output"/></extension><extension url="value"><valueString value="output"/></extension></extension><extension url="http://hl7.org/fhir/tools/StructureDefinition/ig-parameter"><extension url="code"><valueString value="path-suppressed-warnings"/></extension><extension url="value"><valueString value="input/ignoreWarnings.txt"/></extension></extension><extension url="http://hl7.org/fhir/tools/StructureDefinition/ig-parameter"><extension url="code"><valueString value="path-history"/></extension><extension url="value"><valueString value="https://www.ehealth.fgov.be/standards/fhir/history.html"/></extension></extension><extension url="http://hl7.org/fhir/tools/StructureDefinition/ig-parameter"><extension url="code"><valueString value="template-html"/></extension><extension url="value"><valueString value="template-page.html"/></extension></extension><extension url="http://hl7.org/fhir/tools/StructureDefinition/ig-parameter"><extension url="code"><valueString value="template-md"/></extension><extension url="value"><valueString value="template-page-md.html"/></extension></extension><extension url="http://hl7.org/fhir/tools/StructureDefinition/ig-parameter"><extension url="code"><valueString value="apply-contact"/></extension><extension url="value"><valueString value="true"/></extension></extension><extension url="http://hl7.org/fhir/tools/StructureDefinition/ig-parameter"><extension url="code"><valueString value="apply-context"/></extension><extension url="value"><valueString value="true"/></extension></extension><extension url="http://hl7.org/fhir/tools/StructureDefinition/ig-parameter"><extension url="code"><valueString value="apply-copyright"/></extension><extension url="value"><valueString value="true"/></extension></extension><extension url="http://hl7.org/fhir/tools/StructureDefinition/ig-parameter"><extension url="code"><valueString value="apply-jurisdiction"/></extension><extension url="value"><valueString value="true"/></extension></extension><extension url="http://hl7.org/fhir/tools/StructureDefinition/ig-parameter"><extension url="code"><valueString value="apply-license"/></extension><extension url="value"><valueString value="true"/></extension></extension><extension url="http://hl7.org/fhir/tools/StructureDefinition/ig-parameter"><extension url="code"><valueString value="apply-publisher"/></extension><extension url="value"><valueString value="true"/></extension></extension><extension url="http://hl7.org/fhir/tools/StructureDefinition/ig-parameter"><extension url="code"><valueString value="active-tables"/></extension><extension url="value"><valueString value="true"/></extension></extension><grouping id="_str_profile"><name value="Structures: Resource Profiles"/><description value="These define constraints on FHIR resources for systems conforming to this implementation guide"/></grouping><grouping id="_str_datatype"><name value="Structures: Data Type Profiles"/><description value="These define constraints on FHIR data types for systems conforming to this implementation guide"/></grouping><grouping id="_term_valueset"><name value="Terminology: Value Sets"/><description value="These define sets of codes used by systems conforming to this implementation guide"/></grouping><grouping id="_term_codesystem"><name value="Terminology: Code Systems"/><description value="These define new code systems used by systems conforming to this implementation guide"/></grouping><grouping id="_term_namingsystem"><name value="Terminology: Naming Systems"/><description value="These define identifier and/or code system identities used by systems conforming to this implementation guide"/></grouping><grouping id="_ex_example"><name value="Example: Example Instances"/><description value="These are example instances that show what data produced and consumed by systems conforming with this implementation guide might look like"/></grouping><grouping id="_other"><name value="Other"/><description value="These are resources that are used within this implementation guide that do not fit into one of the other categories"/></grouping><resource><extension url="http://hl7.org/fhir/StructureDefinition/implementationguide-page"><valueUri value="StructureDefinition-be-address.html"/></extension><reference><reference value="StructureDefinition/be-address"/></reference><name value="Address core BE profile"/><description value="Belgian federal profile on address, to provide the possibility in the &#39;line&#39; element to provide a seperate streetname, housenumber and postal box. It is always RECOMMENDED to give these elements seperately."/><exampleBoolean value="false"/><groupingId value="_str_datatype"/></resource><resource><extension url="http://hl7.org/fhir/StructureDefinition/implementationguide-page"><valueUri value="StructureDefinition-be-allergyintolerance.html"/></extension><reference><reference value="StructureDefinition/be-allergyintolerance"/></reference><name value="Allergy Intolerance core BE profile"/><description value="Belgian federal profile for an allergy and/or an intolerance. Initially based on the functional description of the NIHDI."/><exampleBoolean value="false"/><groupingId value="_str_profile"/></resource><resource><extension url="http://hl7.org/fhir/StructureDefinition/implementationguide-page"><valueUri value="StructureDefinition-be-observation.html"/></extension><reference><reference value="StructureDefinition/be-observation"/></reference><name value="Observation core BE profile"/><description value="Belgian federal profile for an observation. Initially based on the functional description of the NIHDI. As Observation is used in many instances in FHIR, &#xA;please refer to the HL7 specs of the base resource for guidance around expression of actual values using UCUM, methods, location on body etc.&#xA;Special remarks for KMEHR users: The FHIR Observation resource captures many things that are in a KMEHR message structured as an &#39;item&#39;. &#xA;This includes things like &#39;vital signs such as body weight, blood pressure, and temperature [&#x2026;], personal characteristics such as eye-color [&#x2026;] social history like tobacco use, family support, &#xA;or cognitive status [&#x2026;]&#39; ( https://www.hl7.org/fhir/R4/observation.html ) For some of these things, HL7 already has worked out profiles and they SHALL be used when such a use case is needed. &#xA;Specifically, projects SHALL take note of the existing profiles described on https://www.hl7.org/fhir/R4/observation-vitalsigns.html."/><exampleBoolean value="false"/><groupingId value="_str_profile"/></resource><resource><extension url="http://hl7.org/fhir/StructureDefinition/implementationguide-page"><valueUri value="StructureDefinition-be-observationcodeableconcept.html"/></extension><reference><reference value="StructureDefinition/be-observationcodeableconcept"/></reference><name value="Observation codeable concept core BE profile"/><description value="This is a supporting profile, only to give guidelines how to express a few of the typical coding systems. In general, it shall be noted SNOMED-CT is the preferred national terminology. &#xA;Other coding systems remain allowed or MAY be preferred in specific flows (e.g. the use of LOINC codes to express a laboratory test.)"/><exampleBoolean value="false"/><groupingId value="_str_datatype"/></resource><resource><extension url="http://hl7.org/fhir/StructureDefinition/implementationguide-page"><valueUri value="StructureDefinition-be-organization.html"/></extension><reference><reference value="StructureDefinition/be-organization"/></reference><name value="Organization core BE profile"/><description value="Belgian federal profile for an organization. Initially based on the functional description of the NIHDI."/><exampleBoolean value="false"/><groupingId value="_str_profile"/></resource><resource><extension url="http://hl7.org/fhir/StructureDefinition/implementationguide-page"><valueUri value="StructureDefinition-be-patient.html"/></extension><reference><reference value="StructureDefinition/be-patient"/></reference><name value="Patient core BE profile"/><description value="Belgian federal profile for a patient. Initially based on the functional description of the NIHDI. Special remarks for KMEHR users: following elements in KMEHR are not available in this FHIR resource. &#xA;If needed, an extension can be defined in a future iteration of these specifications: the &#39;deathlocation&#39; (location is not available but the death of the patient is expressed by either date or Boolean cfr. infra.),&#xA;the &#39;insurancystatus&#39; (covered in a seperate FHIR resource: Coverage), &#39;insurancymembership&#39; (covered in a seperate FHIR resource: Coverage) and &#39;profession&#39; (covered in a possible future FHIR resource: OccupationalData.)"/><exampleBoolean value="false"/><groupingId value="_str_profile"/></resource><resource><extension url="http://hl7.org/fhir/StructureDefinition/implementationguide-page"><valueUri value="StructureDefinition-be-practitioner.html"/></extension><reference><reference value="StructureDefinition/be-practitioner"/></reference><name value="Practitioner core BE profile"/><description value="Belgian federal profile for a practitioner. Initially based on the functional description of the NIHDI."/><exampleBoolean value="false"/><groupingId value="_str_profile"/></resource><resource><extension url="http://hl7.org/fhir/StructureDefinition/implementationguide-page"><valueUri value="StructureDefinition-be-practitionerrole.html"/></extension><reference><reference value="StructureDefinition/be-practitionerrole"/></reference><name value="Practitioner Role core BE profile"/><description value="Belgian federal profile for a practitioner role. Initially based on the functional description of the NIHDI."/><exampleBoolean value="false"/><groupingId value="_str_profile"/></resource><resource><extension url="http://hl7.org/fhir/StructureDefinition/implementationguide-page"><valueUri value="StructureDefinition-be-provenance.html"/></extension><reference><reference value="StructureDefinition/be-provenance"/></reference><name value="Provenance core BE profile"/><description value="Belgian federal profile for a provenance. Note this profile does not introduce any changes from the base profile but has been created to mark its importance, &#xA;specifically when FHIR is used in a non-document approach. General use case remarks: &#39;Provenance of a resource is a record that describes entities and processes involved in producing and delivering or &#xA;otherwise influencing that resource.&#39; (cfr. the HL7 base specifications) According to the FHIR specifications, the provenance resource SHALL only be provided when no other resource already plays this role: &#xA;for a Patient it SHOULD be its managing organization, provenance of an Observation SHOULD be its performer, provenance of an AllergyIntolerance SHOULD be its recorder. &#xA;&#39;Many other FHIR resources contain some elements that represent information about how the resource was obtained, and therefore they overlap with the functionality of the Provenance.&#39; &#xA;Special remarks for KMEHR users: The FHIR Provenance resource in general refers to an entity that had something to do with the creation or updating of something else. In a KMEHR context, &#xA;this is somewhat different &#x2013; as it is &#x2018;XML document&#x2019; based, each KMEHR message has an &#39;author&#39; element that is responsible."/><exampleBoolean value="false"/><groupingId value="_str_profile"/></resource><resource><extension url="http://hl7.org/fhir/StructureDefinition/implementationguide-page"><valueUri value="ValueSet-be-allergyintolerancecode.html"/></extension><reference><reference value="ValueSet/be-allergyintolerancecode"/></reference><name value="ValueSet allergy intolerance code"/><description value="Codes as communicated by NIHDI and the FOD Terminology Center differentiating types of allergy intolerance codes. This valueset supports the Belgian federal FHIR profiling effort."/><exampleBoolean value="false"/><groupingId value="_term_valueset"/></resource><resource><extension url="http://hl7.org/fhir/StructureDefinition/implementationguide-page"><valueUri value="ValueSet-be-civilstate.html"/></extension><reference><reference value="ValueSet/be-civilstate"/></reference><name value="ValueSet civil state"/><description value="Codes supported by eHealth Platform differentiating types of civil state. This valueset supports the Belgian federal FHIR profiling effort. &#xA;Whenever possible add a code from http://terminology.hl7.org/CodeSystem/v3-MaritalStatus for international interoperability but also use https://www.ehealth.fgov.be/standards/fhir/CodeSystem/CD-CIVILSTATE &#xA;for the Belgian specific code."/><exampleBoolean value="false"/><groupingId value="_term_valueset"/></resource><resource><extension url="http://hl7.org/fhir/StructureDefinition/implementationguide-page"><valueUri value="ValueSet-be-contactperson.html"/></extension><reference><reference value="ValueSet/be-contactperson"/></reference><name value="ValueSet contact person"/><description value="Maximum valuest to define category of a contact person, using the HL7 values and the Belgian CD-CONTACT-PERSON values."/><exampleBoolean value="false"/><groupingId value="_term_valueset"/></resource><resource><extension url="http://hl7.org/fhir/StructureDefinition/implementationguide-page"><valueUri value="CodeSystem-cd-civilstate.html"/></extension><reference><reference value="CodeSystem/cd-civilstate"/></reference><name value="CodeSystem CD-CIVILSTATE"/><description value="Civil state in Belgium."/><exampleBoolean value="false"/><groupingId value="_term_codesystem"/></resource><resource><extension url="http://hl7.org/fhir/StructureDefinition/implementationguide-page"><valueUri value="CodeSystem-cd-contact-person.html"/></extension><reference><reference value="CodeSystem/cd-contact-person"/></reference><name value="CodeSystem CD-CONTACT-PERSON"/><description value="Contact person"/><exampleBoolean value="false"/><groupingId value="_term_codesystem"/></resource><resource><extension url="http://hl7.org/fhir/StructureDefinition/implementationguide-page"><valueUri value="CodeSystem-cd-fed-country.html"/></extension><reference><reference value="CodeSystem/cd-fed-country"/></reference><name value="CodeSystem CD-FED-COUNTRY"/><description value="FedICT country codes."/><exampleBoolean value="false"/><groupingId value="_term_codesystem"/></resource><resource><extension url="http://hl7.org/fhir/StructureDefinition/implementationguide-page"><valueUri value="CodeSystem-albert.html"/></extension><reference><reference value="CodeSystem/albert"/></reference><name value="CodeSystem ALBERT"/><description value="CodeSystem ALBERT."/><exampleBoolean value="false"/><groupingId value="_term_codesystem"/></resource><resource><extension url="http://hl7.org/fhir/StructureDefinition/implementationguide-page"><valueUri value="AllergyIntolerance-allergyIntolerance1.html"/></extension><reference><reference value="AllergyIntolerance/allergyIntolerance1"/></reference><name value="AllergyIntolerance 1"/><description value="AllergyIntolerance 1"/><exampleCanonical value="https://www.ehealth.fgov.be/standards/fhir/StructureDefinition/be-allergyintolerance"/><groupingId value="_ex_example"/></resource><resource><extension url="http://hl7.org/fhir/StructureDefinition/implementationguide-page"><valueUri value="AllergyIntolerance-allergyIntolerance2.html"/></extension><reference><reference value="AllergyIntolerance/allergyIntolerance2"/></reference><name value="AllergyIntolerance 2"/><description value="AllergyIntolerance 2"/><exampleCanonical value="https://www.ehealth.fgov.be/standards/fhir/StructureDefinition/be-allergyintolerance"/><groupingId value="_ex_example"/></resource><resource><extension url="http://hl7.org/fhir/StructureDefinition/implementationguide-page"><valueUri value="ValueSet-be-causativeagent.html"/></extension><reference><reference value="ValueSet/be-causativeagent"/></reference><name value="ValueSet causative agent"/><description value="Codes as communicated by NIHDI and the FPS Terminology Center differentiating types of causative agent. This valueset supports the Belgian federal FHIR profiling effort."/><exampleBoolean value="false"/><groupingId value="_term_valueset"/></resource><resource><extension url="http://hl7.org/fhir/StructureDefinition/implementationguide-page"><valueUri value="NamingSystem-be-cbe.html"/></extension><reference><reference value="NamingSystem/be-cbe"/></reference><name value="NamingSystem CBE"/><description value="The CBE naming system"/><exampleBoolean value="false"/><groupingId value="_term_namingsystem"/></resource><resource><extension url="http://hl7.org/fhir/StructureDefinition/implementationguide-page"><valueUri value="NamingSystem-be-ehp.html"/></extension><reference><reference value="NamingSystem/be-ehp"/></reference><name value="NamingSystem EHP"/><description value="The EHP naming system"/><exampleBoolean value="false"/><groupingId value="_term_namingsystem"/></resource><resource><extension url="http://hl7.org/fhir/StructureDefinition/implementationguide-page"><valueUri value="ValueSet-be-exposureroute.html"/></extension><reference><reference value="ValueSet/be-exposureroute"/></reference><name value="ValueSet exposure route"/><description value="Codes to illustrate differentiating types of exposure route. This valueset supports the Belgian federal FHIR profiling effort."/><exampleBoolean value="false"/><groupingId value="_term_valueset"/></resource><resource><extension url="http://hl7.org/fhir/StructureDefinition/implementationguide-page"><valueUri value="NamingSystem-be-nihdi.html"/></extension><reference><reference value="NamingSystem/be-nihdi"/></reference><name value="NamingSystem NIHDI"/><description value="The NIHDI naming system"/><exampleBoolean value="false"/><groupingId value="_term_namingsystem"/></resource><resource><extension url="http://hl7.org/fhir/StructureDefinition/implementationguide-page"><valueUri value="ValueSet-be-noallergy.html"/></extension><reference><reference value="ValueSet/be-noallergy"/></reference><name value="ValueSet no allergies"/><description value="Codes as communicated by the FOD Terminology Center differentiating types of no allergies. This valueset supports the Belgian federal FHIR profiling effort."/><exampleBoolean value="false"/><groupingId value="_term_valueset"/></resource><resource><extension url="http://hl7.org/fhir/StructureDefinition/implementationguide-page"><valueUri value="ValueSet-be-riskmanifestation.html"/></extension><reference><reference value="ValueSet/be-riskmanifestation"/></reference><name value="ValueSet risk manifestation"/><description value="Codes as communicated by NIHDI and the FPS Terminology Center differentiating types of risk manifestation. This valueset supports the Belgian federal FHIR profiling effort."/><exampleBoolean value="false"/><groupingId value="_term_valueset"/></resource><resource><extension url="http://hl7.org/fhir/StructureDefinition/implementationguide-page"><valueUri value="NamingSystem-be-ssin.html"/></extension><reference><reference value="NamingSystem/be-ssin"/></reference><name value="NamingSystem SSIN"/><description value="The SSIN naming system"/><exampleBoolean value="false"/><groupingId value="_term_namingsystem"/></resource><resource><extension url="http://hl7.org/fhir/StructureDefinition/implementationguide-page"><valueUri value="Bundle-bundle1.html"/></extension><reference><reference value="Bundle/bundle1"/></reference><name value="Bundle 1"/><description value="Bundle 1"/><exampleBoolean value="true"/><groupingId value="_ex_example"/></resource><resource><extension url="http://hl7.org/fhir/StructureDefinition/implementationguide-page"><valueUri value="Bundle-bundleHistory.html"/></extension><reference><reference value="Bundle/bundleHistory"/></reference><name value="Bundle History"/><description value="This Bundle contains the history of the value sets and code systems"/><exampleBoolean value="false"/><groupingId value="_other"/></resource><resource><extension url="http://hl7.org/fhir/StructureDefinition/implementationguide-page"><valueUri value="CodeSystem-cd-hcparty.html"/></extension><reference><reference value="CodeSystem/cd-hcparty"/></reference><name value="CodeSystem CD-HCPARTY"/><description value="healthcare party in Belgium."/><exampleBoolean value="false"/><groupingId value="_term_codesystem"/></resource><resource><extension url="http://hl7.org/fhir/StructureDefinition/implementationguide-page"><valueUri value="Organization-eHealthPlatform.html"/></extension><reference><reference value="Organization/eHealthPlatform"/></reference><name value="eHealth Platform organization"/><description value="eHealth Platform organization"/><exampleBoolean value="false"/><groupingId value="_other"/></resource><resource><extension url="http://hl7.org/fhir/StructureDefinition/implementationguide-page"><valueUri value="Observation-observation1.html"/></extension><reference><reference value="Observation/observation1"/></reference><name value="Observation 1"/><description value="Observation 1"/><exampleCanonical value="https://www.ehealth.fgov.be/standards/fhir/StructureDefinition/be-observation"/><groupingId value="_ex_example"/></resource><resource><extension url="http://hl7.org/fhir/StructureDefinition/implementationguide-page"><valueUri value="Observation-observation2.html"/></extension><reference><reference value="Observation/observation2"/></reference><name value="Observation 2"/><description value="Observation 2"/><exampleCanonical value="https://www.ehealth.fgov.be/standards/fhir/StructureDefinition/be-observation"/><groupingId value="_ex_example"/></resource><resource><extension url="http://hl7.org/fhir/StructureDefinition/implementationguide-page"><valueUri value="Organization-organization1.html"/></extension><reference><reference value="Organization/organization1"/></reference><name value="Organization 1"/><description value="Organization 1"/><exampleCanonical value="https://www.ehealth.fgov.be/standards/fhir/StructureDefinition/be-organization"/><groupingId value="_ex_example"/></resource><resource><extension url="http://hl7.org/fhir/StructureDefinition/implementationguide-page"><valueUri value="Patient-patient1.html"/></extension><reference><reference value="Patient/patient1"/></reference><name value="Patient 1"/><description value="Patient 1"/><exampleCanonical value="https://www.ehealth.fgov.be/standards/fhir/StructureDefinition/be-patient"/><groupingId value="_ex_example"/></resource><resource><extension url="http://hl7.org/fhir/StructureDefinition/implementationguide-page"><valueUri value="Patient-patient2.html"/></extension><reference><reference value="Patient/patient2"/></reference><name value="Patient 2"/><description value="Patient 2"/><exampleCanonical value="https://www.ehealth.fgov.be/standards/fhir/StructureDefinition/be-patient"/><groupingId value="_ex_example"/></resource><resource><extension url="http://hl7.org/fhir/StructureDefinition/implementationguide-page"><valueUri value="Practitioner-practitioner1.html"/></extension><reference><reference value="Practitioner/practitioner1"/></reference><name value="Practitioner 1"/><description value="Practitioner 1"/><exampleCanonical value="https://www.ehealth.fgov.be/standards/fhir/StructureDefinition/be-practitioner"/><groupingId value="_ex_example"/></resource><resource><extension url="http://hl7.org/fhir/StructureDefinition/implementationguide-page"><valueUri value="PractitionerRole-practitionerrole1.html"/></extension><reference><reference value="PractitionerRole/practitionerrole1"/></reference><name value="Practitioner role 1"/><description value="Practitioner role 1"/><exampleCanonical value="https://www.ehealth.fgov.be/standards/fhir/StructureDefinition/be-practitionerrole"/><groupingId value="_ex_example"/></resource><resource><extension url="http://hl7.org/fhir/StructureDefinition/implementationguide-page"><valueUri value="Provenance-provenance1.html"/></extension><reference><reference value="Provenance/provenance1"/></reference><name value="Provenance 1"/><description value="Provenance 1"/><exampleCanonical value="https://www.ehealth.fgov.be/standards/fhir/StructureDefinition/be-provenance"/><groupingId value="_ex_example"/></resource><page><nameUrl value="toc.html"/><title value="Table of Contents"/><generation value="html"/><page><nameUrl value="index.html"/><title value="Home"/><generation value="html"/></page><page><nameUrl value="guidance.html"/><title value="Guidance"/><generation value="html"/></page><page><nameUrl value="conventions.html"/><title value="Conventions"/><generation value="markdown"/></page><page><nameUrl value="downloads.html"/><title value="Downloads"/><generation value="html"/></page><page><nameUrl value="changes.html"/><title value="Changes"/><generation value="html"/></page><page><nameUrl value="artifacts.html"/><title value="Artifacts Summary"/><generation value="html"/><page><nameUrl value="StructureDefinition-be-allergyintolerance.html"/><title value="Allergy Intolerance core BE profile"/><generation value="generated"/></page><page><nameUrl value="StructureDefinition-be-observation.html"/><title value="Observation core BE profile"/><generation value="generated"/></page><page><nameUrl value="StructureDefinition-be-organization.html"/><title value="Organization core BE profile"/><generation value="generated"/></page><page><nameUrl value="StructureDefinition-be-patient.html"/><title value="Patient core BE profile"/><generation value="generated"/></page><page><nameUrl value="StructureDefinition-be-practitioner.html"/><title value="Practitioner core BE profile"/><generation value="generated"/></page><page><nameUrl value="StructureDefinition-be-practitionerrole.html"/><title value="Practitioner Role core BE profile"/><generation value="generated"/></page><page><nameUrl value="StructureDefinition-be-provenance.html"/><title value="Provenance core BE profile"/><generation value="generated"/></page><page><nameUrl value="StructureDefinition-be-address.html"/><title value="Address core BE profile"/><generation value="generated"/></page><page><nameUrl value="StructureDefinition-be-observationcodeableconcept.html"/><title value="Observation codeable concept core BE profile"/><generation value="generated"/></page><page><nameUrl value="ValueSet-be-allergyintolerancecode.html"/><title value="ValueSet allergy intolerance code"/><generation value="generated"/></page><page><nameUrl value="ValueSet-be-civilstate.html"/><title value="ValueSet civil state"/><generation value="generated"/></page><page><nameUrl value="ValueSet-be-contactperson.html"/><title value="ValueSet contact person"/><generation value="generated"/></page><page><nameUrl value="ValueSet-be-causativeagent.html"/><title value="ValueSet causative agent"/><generation value="generated"/></page><page><nameUrl value="ValueSet-be-exposureroute.html"/><title value="ValueSet exposure route"/><generation value="generated"/></page><page><nameUrl value="ValueSet-be-noallergy.html"/><title value="ValueSet no allergies"/><generation value="generated"/></page><page><nameUrl value="ValueSet-be-riskmanifestation.html"/><title value="ValueSet risk manifestation"/><generation value="generated"/></page><page><nameUrl value="CodeSystem-cd-civilstate.html"/><title value="CodeSystem CD-CIVILSTATE"/><generation value="generated"/></page><page><nameUrl value="CodeSystem-cd-contact-person.html"/><title value="CodeSystem CD-CONTACT-PERSON"/><generation value="generated"/></page><page><nameUrl value="CodeSystem-cd-fed-country.html"/><title value="CodeSystem CD-FED-COUNTRY"/><generation value="generated"/></page><page><nameUrl value="CodeSystem-albert.html"/><title value="CodeSystem ALBERT"/><generation value="generated"/></page><page><nameUrl value="CodeSystem-cd-hcparty.html"/><title value="CodeSystem CD-HCPARTY"/><generation value="generated"/></page><page><nameUrl value="NamingSystem-be-cbe.html"/><title value="NamingSystem CBE"/><generation value="generated"/></page><page><nameUrl value="NamingSystem-be-ehp.html"/><title value="NamingSystem EHP"/><generation value="generated"/></page><page><nameUrl value="NamingSystem-be-nihdi.html"/><title value="NamingSystem NIHDI"/><generation value="generated"/></page><page><nameUrl value="NamingSystem-be-ssin.html"/><title value="NamingSystem SSIN"/><generation value="generated"/></page><page><nameUrl value="AllergyIntolerance-allergyIntolerance1.html"/><title value="AllergyIntolerance 1"/><generation value="generated"/></page><page><nameUrl value="AllergyIntolerance-allergyIntolerance2.html"/><title value="AllergyIntolerance 2"/><generation value="generated"/></page><page><nameUrl value="Bundle-bundle1.html"/><title value="Bundle 1"/><generation value="generated"/></page><page><nameUrl value="Observation-observation1.html"/><title value="Observation 1"/><generation value="generated"/></page><page><nameUrl value="Observation-observation2.html"/><title value="Observation 2"/><generation value="generated"/></page><page><nameUrl value="Organization-organization1.html"/><title value="Organization 1"/><generation value="generated"/></page><page><nameUrl value="Patient-patient1.html"/><title value="Patient 1"/><generation value="generated"/></page><page><nameUrl value="Patient-patient2.html"/><title value="Patient 2"/><generation value="generated"/></page><page><nameUrl value="Practitioner-practitioner1.html"/><title value="Practitioner 1"/><generation value="generated"/></page><page><nameUrl value="PractitionerRole-practitionerrole1.html"/><title value="Practitioner role 1"/><generation value="generated"/></page><page><nameUrl value="Provenance-provenance1.html"/><title value="Provenance 1"/><generation value="generated"/></page><page><nameUrl value="Bundle-bundleHistory.html"/><title value="Bundle History"/><generation value="generated"/></page><page><nameUrl value="Organization-eHealthPlatform.html"/><title value="eHealth Platform organization"/><generation value="generated"/></page></page></page><parameter><code value="path-resource"/><value value="input/capabilities"/></parameter><parameter><code value="path-resource"/><value value="input/examples"/></parameter><parameter><code value="path-resource"/><value value="input/extensions"/></parameter><parameter><code value="path-resource"/><value value="input/models"/></parameter><parameter><code value="path-resource"/><value value="input/operations"/></parameter><parameter><code value="path-resource"/><value value="input/profiles"/></parameter><parameter><code value="path-resource"/><value value="input/resources"/></parameter><parameter><code value="path-resource"/><value value="input/vocabulary"/></parameter><parameter><code value="path-resource"/><value value="input/maps"/></parameter><parameter><code value="path-resource"/><value value="input/testing"/></parameter><parameter><code value="path-resource"/><value value="input/history"/></parameter><parameter><code value="path-resource"/><value value="fsh-generated/resources"/></parameter><parameter><code value="path-pages"/><value value="template/config"/></parameter><parameter><code value="path-pages"/><value value="input/images"/></parameter><parameter><code value="path-tx-cache"/><value value="input-cache/txcache"/></parameter></definition></ImplementationGuide>