<?xml version="1.0" encoding="UTF-8"?><NamingSystem xmlns="http://hl7.org/fhir"><id value="be-nihdi"/><name value="BeNIHDINamingSystem"/><status value="active"/><kind value="identifier"/><date value="2019-06-07T00:00:00+02:00"/><publisher value="eHealth Platform"/><contact><telecom><system value="other"/><value value="http://hl7.org/Special/committees/fiwg"/></telecom></contact><description value="RIZIV/INAMI"/><jurisdiction><coding><system value="http://unstats.un.org/unsd/methods/m49/m49.htm"/><code value="001"/></coding></jurisdiction><uniqueId><type value="uri"/><value value="https://www.ehealth.fgov.be/standards/fhir/NamingSystem/nihdi"/><preferred value="true"/></uniqueId><uniqueId><type value="oid"/><value value="2.16.840.1.113883.3.6777.5.2"/><preferred value="false"/></uniqueId></NamingSystem>