<?xml version="1.0" encoding="UTF-8"?><NamingSystem xmlns="http://hl7.org/fhir"><id value="be-ehp"/><text><status value="generated"/><div xmlns="http://www.w3.org/1999/xhtml"><h3>Summary</h3><table class="grid"><tr><td>Defining URL</td><td>https://www.ehealth.fgov.be/standards/fhir/NamingSystem/be-ehp</td></tr><tr><td>Name</td><td>BeEhealthPartnerIDNamingSystem</td></tr><tr><td>Status</td><td>active</td></tr><tr><td>Definition</td><td><div><p>EHP</p>
</div></td></tr><tr><td>Publisher</td><td>eHealth Platform</td></tr></table><h3>Identifiers</h3><table class="grid"><tr><td><b>Type</b></td><td><b>Value</b></td><td><b>Preferred</b></td></tr><tr><td>URI</td><td>https://www.ehealth.fgov.be/standards/fhir/NamingSystem/ehp</td><td>true</td></tr><tr><td>OID</td><td>2.16.840.1.113883.3.6777.5.6</td><td>false</td></tr></table></div></text><name value="BeEhealthPartnerIDNamingSystem"/><status value="active"/><kind value="identifier"/><date value="2019-06-05T00:00:00+02:00"/><publisher value="eHealth Platform"/><contact><name value="eHealth Platform"/><telecom><system value="url"/><value value="https://www.ehealth.fgov.be"/></telecom></contact><contact><name value="Message structure"/><telecom><system value="email"/><value value="message-structure@ehealth.fgov.be"/></telecom></contact><description value="EHP"/><uniqueId><type value="uri"/><value value="https://www.ehealth.fgov.be/standards/fhir/NamingSystem/ehp"/><preferred value="true"/></uniqueId><uniqueId><type value="oid"/><value value="2.16.840.1.113883.3.6777.5.6"/><preferred value="false"/></uniqueId></NamingSystem>