<?xml version="1.0" encoding="UTF-8"?><ValueSet xmlns="http://hl7.org/fhir"><id value="be-allergyintolerancecode"/><text><status value="generated"/><div xmlns="http://www.w3.org/1999/xhtml"><h2>BeAllergyIntoleranceCode</h2><div><p>Codes as communicated by NIHDI and the FOD Terminology Center differentiating types of allergy intolerance codes. This valueset supports the Belgian federal FHIR profiling effort.</p>
</div><p>This value set includes codes from the following code systems:</p><ul><li>Import all the codes that are contained in <a href="valueset-be-causativeagent.html">https://www.ehealth.fgov.be/standards/fhir/ValueSet/be-causativeagent</a></li><li>Import all the codes that are contained in <a href="valueset-be-noallergy.html">https://www.ehealth.fgov.be/standards/fhir/ValueSet/be-noallergy</a></li></ul></div></text><url value="https://www.ehealth.fgov.be/standards/fhir/ValueSet/be-allergyintolerancecode"/><version value="1.0.0"/><name value="BeAllergyIntoleranceCode"/><status value="active"/><date value="2019-12-19T00:18:49+01:00"/><publisher value="eHealth Platform"/><contact><telecom><system value="other"/><value value="http://hl7.org/Special/committees/fiwg"/></telecom></contact><description value="Codes as communicated by NIHDI and the FOD Terminology Center differentiating types of allergy intolerance codes. This valueset supports the Belgian federal FHIR profiling effort."/><jurisdiction><coding><system value="http://unstats.un.org/unsd/methods/m49/m49.htm"/><code value="001"/></coding></jurisdiction><compose><include><valueSet value="https://www.ehealth.fgov.be/standards/fhir/ValueSet/be-causativeagent"/></include><include><valueSet value="https://www.ehealth.fgov.be/standards/fhir/ValueSet/be-noallergy"/></include></compose></ValueSet>