<?xml version="1.0" encoding="UTF-8"?><ValueSet xmlns="http://hl7.org/fhir"><id value="be-exposureroute"/><text><status value="generated"/><div xmlns="http://www.w3.org/1999/xhtml"><ul><li>Include these codes as defined in <a href="http://www.snomed.org/"><code>http://snomed.info/sct</code></a><table class="none"><tr><td style="white-space:nowrap"><b>Code</b></td><td><b>Display</b></td><td><b>English (English, en)</b></td></tr><tr><td><a href="http://browser.ihtsdotools.org/?perspective=full&amp;conceptId1=447694001">447694001</a></td><td>Respiratory tract route</td><td>Respiratory tract route</td></tr><tr><td><a href="http://browser.ihtsdotools.org/?perspective=full&amp;conceptId1=6064005">6064005</a></td><td>Topical route</td><td>Topical route</td></tr><tr><td><a href="http://browser.ihtsdotools.org/?perspective=full&amp;conceptId1=26643006">26643006</a></td><td>Oral route</td><td>Oral route</td></tr></table></li></ul></div></text><url value="https://www.ehealth.fgov.be/standards/fhir/ValueSet/be-exposureroute"/><version value="1.0.0"/><name value="BeExposureRoute"/><status value="active"/><date value="2020-09-18T08:03:27+02:00"/><publisher value="eHealth Platform"/><contact><name value="eHealth Platform"/><telecom><system value="url"/><value value="https://www.ehealth.fgov.be"/></telecom></contact><contact><name value="Message structure"/><telecom><system value="email"/><value value="message-structure@ehealth.fgov.be"/></telecom></contact><description value="Codes to illustrate differentiating types of exposure route. This valueset supports the Belgian federal FHIR profiling effort."/><compose><include><system value="http://snomed.info/sct"/><concept><code value="447694001"/><display value="Respiratory tract route"/><designation><language value="en"/><value value="Respiratory tract route"/></designation></concept><concept><code value="6064005"/><display value="Topical route"/><designation><language value="en"/><value value="Topical route"/></designation></concept><concept><code value="26643006"/><display value="Oral route"/><designation><language value="en"/><value value="Oral route"/></designation></concept></include></compose></ValueSet>