<?xml version="1.0" encoding="UTF-8"?><ValueSet xmlns="http://hl7.org/fhir"><id value="be-allergyintolerancecode"/><text><status value="generated"/><div xmlns="http://www.w3.org/1999/xhtml"><p>This value set includes codes based on the following rules:</p><ul><li>Import all the codes that are contained in <a href="ValueSet-be-causativeagent.html">https://www.ehealth.fgov.be/standards/fhir/ValueSet/be-causativeagent</a></li><li>Import all the codes that are contained in <a href="ValueSet-be-noallergy.html">https://www.ehealth.fgov.be/standards/fhir/ValueSet/be-noallergy</a></li></ul></div></text><url value="https://www.ehealth.fgov.be/standards/fhir/ValueSet/be-allergyintolerancecode"/><version value="1.0.0"/><name value="BeAllergyIntoleranceCode"/><title value="ValueSet allergy intolerance code"/><status value="active"/><date value="2020-11-16T10:17:56+01:00"/><publisher value="eHealth Platform"/><contact><name value="eHealth Platform"/><telecom><system value="url"/><value value="https://www.ehealth.fgov.be"/></telecom></contact><contact><name value="Message structure"/><telecom><system value="email"/><value value="message-structure@ehealth.fgov.be"/></telecom></contact><description value="Codes as communicated by NIHDI and the FOD Terminology Center differentiating types of allergy intolerance codes. This valueset supports the Belgian federal FHIR profiling effort."/><compose><include><valueSet value="https://www.ehealth.fgov.be/standards/fhir/ValueSet/be-causativeagent"/></include><include><valueSet value="https://www.ehealth.fgov.be/standards/fhir/ValueSet/be-noallergy"/></include></compose></ValueSet>