<?xml version="1.0" encoding="UTF-8"?><ValueSet xmlns="http://hl7.org/fhir"><id value="be-noallergy"/><text><status value="generated"/><div xmlns="http://www.w3.org/1999/xhtml"><h2>BeNoAllergy</h2><div><p>Codes as communicated by the FOD Terminology Center differentiating types of no allergies. This valueset supports the Belgian federal FHIR profiling effort.</p>
</div><p>This value set includes codes from the following code systems:</p><ul><li>Include these codes as defined in <a href="http://www.snomed.org/"><code>http://snomed.info/sct</code></a><table class="none"><tr><td style="white-space:nowrap"><b>Code</b></td><td><b>Display</b></td></tr><tr><td><a href="http://browser.ihtsdotools.org/?perspective=full&amp;conceptId1=716186003">716186003</a></td><td>No known allergy (situation)</td><td/></tr><tr><td><a href="http://browser.ihtsdotools.org/?perspective=full&amp;conceptId1=716220001">716220001</a></td><td>No known animal allergy (situation)</td><td/></tr><tr><td><a href="http://browser.ihtsdotools.org/?perspective=full&amp;conceptId1=409137002">409137002</a></td><td>No known drug allergy (situation)</td><td/></tr><tr><td><a href="http://browser.ihtsdotools.org/?perspective=full&amp;conceptId1=428607008">428607008</a></td><td>No known environmental allergy (situation)</td><td/></tr><tr><td><a href="http://browser.ihtsdotools.org/?perspective=full&amp;conceptId1=429625007">429625007</a></td><td>No known food allergy (situation)</td><td/></tr><tr><td><a href="http://browser.ihtsdotools.org/?perspective=full&amp;conceptId1=428197003">428197003</a></td><td>No known insect allergy (situation)</td><td/></tr><tr><td><a href="http://browser.ihtsdotools.org/?perspective=full&amp;conceptId1=716184000">716184000</a></td><td>No known latex allergy (situation)</td><td/></tr></table></li></ul><p><b>Additional Language Displays</b></p><table class="codes"><tr><td><b>Code</b></td><td><b>English (English, en)</b></td><td><b>French (Belgium) (fr)</b></td><td><b>Nederlands (Belgi&#xEB;) (Dutch (Belgium), nl)</b></td></tr><tr><td>716186003</td><td>No known allergy</td><td>pas d&#39;allergie connue</td><td>geen gekende allergie</td></tr><tr><td>716220001</td><td>No known animal allergy</td><td>pas d&#39;allergie aux animaux connue</td><td>geen gekende allergie voor dieren</td></tr><tr><td>409137002</td><td>No known drug allergy</td><td>pas d&#39;allergie aux drogues et/ou m&#xE9;dicaments connue</td><td>geen gekende drugs- en/of geneesmiddelenallergie</td></tr><tr><td>428607008</td><td>No known environmental allergy</td><td>pas d&#39;allergie environnementale connue</td><td>geen gekende omgevingsgerelateerde allergie</td></tr><tr><td>429625007</td><td>No known food allergy</td><td>pas d&#39;allergie alimentaire connue</td><td>geen gekende allergie voor voedsel</td></tr><tr><td>428197003</td><td>No known insect allergy</td><td>pas d&#39;allergie aux insectes connue</td><td>geen gekende allergie voor insecten</td></tr><tr><td>716184000</td><td>No known latex allergy</td><td>pas d&#39;allergie au latex connue</td><td>geen gekende allergie voor latex</td></tr></table></div></text><url value="https://www.ehealth.fgov.be/standards/fhir/ValueSet/be-noallergy"/><version value="1.0.0"/><name value="BeNoAllergy"/><status value="active"/><date value="2019-12-19T00:18:49+01:00"/><publisher value="eHealth Platform"/><contact><telecom><system value="other"/><value value="http://hl7.org/Special/committees/fiwg"/></telecom></contact><description value="Codes as communicated by the FOD Terminology Center differentiating types of no allergies. This valueset supports the Belgian federal FHIR profiling effort."/><jurisdiction><coding><system value="http://unstats.un.org/unsd/methods/m49/m49.htm"/><code value="001"/></coding></jurisdiction><compose><include><system value="http://snomed.info/sct"/><concept><code value="716186003"/><display value="No known allergy (situation)"/><designation><use><system value="http://snomed.info/sct"/><code value="900000000000003001"/><display value="Fully specified name"/></use><value value="No known allergy (situation)"/></designation><designation><language value="en"/><value value="No known allergy"/></designation><designation><language value="nl-BE"/><value value="geen gekende allergie"/></designation><designation><language value="fr-BE"/><value value="pas d&#39;allergie connue"/></designation></concept><concept><code value="716220001"/><display value="No known animal allergy (situation)"/><designation><use><system value="http://snomed.info/sct"/><code value="900000000000003001"/><display value="Fully specified name"/></use><value value="No known animal allergy (situation)"/></designation><designation><language value="en"/><value value="No known animal allergy"/></designation><designation><language value="nl-BE"/><value value="geen gekende allergie voor dieren"/></designation><designation><language value="fr-BE"/><value value="pas d&#39;allergie aux animaux connue"/></designation></concept><concept><code value="409137002"/><display value="No known drug allergy (situation)"/><designation><use><system value="http://snomed.info/sct"/><code value="900000000000003001"/><display value="Fully specified name"/></use><value value="No known drug allergy (situation)"/></designation><designation><language value="en"/><value value="No known drug allergy"/></designation><designation><language value="nl-BE"/><value value="geen gekende drugs- en/of geneesmiddelenallergie"/></designation><designation><language value="fr-BE"/><value value="pas d&#39;allergie aux drogues et/ou m&#xE9;dicaments connue"/></designation></concept><concept><code value="428607008"/><display value="No known environmental allergy (situation)"/><designation><use><system value="http://snomed.info/sct"/><code value="900000000000003001"/><display value="Fully specified name"/></use><value value="No known environmental allergy (situation)"/></designation><designation><language value="en"/><value value="No known environmental allergy"/></designation><designation><language value="nl-BE"/><value value="geen gekende omgevingsgerelateerde allergie"/></designation><designation><language value="fr-BE"/><value value="pas d&#39;allergie environnementale connue"/></designation></concept><concept><code value="429625007"/><display value="No known food allergy (situation)"/><designation><use><system value="http://snomed.info/sct"/><code value="900000000000003001"/><display value="Fully specified name"/></use><value value="No known food allergy (situation)"/></designation><designation><language value="en"/><value value="No known food allergy"/></designation><designation><language value="nl-BE"/><value value="geen gekende allergie voor voedsel"/></designation><designation><language value="fr-BE"/><value value="pas d&#39;allergie alimentaire connue"/></designation></concept><concept><code value="428197003"/><display value="No known insect allergy (situation)"/><designation><use><system value="http://snomed.info/sct"/><code value="900000000000003001"/><display value="Fully specified name"/></use><value value="No known insect allergy (situation)"/></designation><designation><language value="en"/><value value="No known insect allergy"/></designation><designation><language value="nl-BE"/><value value="geen gekende allergie voor insecten"/></designation><designation><language value="fr-BE"/><value value="pas d&#39;allergie aux insectes connue"/></designation></concept><concept><code value="716184000"/><display value="No known latex allergy (situation)"/><designation><use><system value="http://snomed.info/sct"/><code value="900000000000003001"/><display value="Fully specified name"/></use><value value="No known latex allergy (situation)"/></designation><designation><language value="en"/><value value="No known latex allergy"/></designation><designation><language value="nl-BE"/><value value="geen gekende allergie voor latex"/></designation><designation><language value="fr-BE"/><value value="pas d&#39;allergie au latex connue"/></designation></concept></include></compose></ValueSet>