{
  "resourceType": "Bundle",
  "id": "bundleHistory",
  "type": "collection",
  "entry": [
    {
      "fullUrl": "http://example.org/fhir/1",
      "resource": {
        "resourceType": "Provenance",
        "id": "CDHCPARTY1.1.0",
        "meta": {
          "profile": [
            "https://www.ehealth.fgov.be/standards/fhir/StructureDefinition/be-provenance"
          ]
        },
        "text": {
          "status": "generated",
          "div": "<div xmlns=\"http://www.w3.org/1999/xhtml\"><p><b>Generated Narrative</b></p><p><b>target</b>: <a href=\"CodeSystem-cd-hcparty.html\">Generated Summary: url: https://www.ehealth.fgov.be/standards/fhir/CodeSystem/cd-hcparty; version: 1.1.0; name: HCParty; status: active; date: Feb 12, 2021 12:13:57 PM; publisher: eHealth Platform; eHealth Platform: https://www.ehealth.fgov.be, Message structure: message-structure@ehealth.fgov.be; description: healthcare party in Belgium.; content: complete</a></p><p><b>occurred</b>: Sep 25, 2020 10:00:00 AM</p><p><b>recorded</b>: Sep 25, 2020 10:00:00 AM</p><p><b>reason</b>: <span title=\"Codes: {http://terminology.hl7.org/CodeSystem/v3-ActReason HOPERAT}\">V1.1.0: Added values 'orgretirementhome', 'orgrevalidationcenter', 'orgshelteredliving', 'orgpsychiatriccarehome', 'orgpolyclinic'.</span></p><p><b>activity</b>: <span title=\"Codes: {http://terminology.hl7.org/CodeSystem/v3-DataOperation UPDATE}\">revise</span></p><h3>Agents</h3><table class=\"grid\"><tr><td>-</td><td><b>Type</b></td><td><b>Who</b></td></tr><tr><td>*</td><td><span title=\"Codes: {http://terminology.hl7.org/CodeSystem/provenance-participant-type author}\">Author</span></td><td><a href=\"Organization-eHealthPlatform.html\">eHealth Platform. Generated Summary: active; name: eHealth Platform; Phone: 3228918611</a></td></tr></table></div>"
        },
        "target": [
          {
            "reference": "CodeSystem/cd-hcparty"
          }
        ],
        "occurredDateTime": "2020-09-25T09:00:00+01:00",
        "recorded": "2020-09-25T09:00:00+01:00",
        "reason": [
          {
            "coding": [
              {
                "system": "http://terminology.hl7.org/CodeSystem/v3-ActReason",
                "code": "HOPERAT",
                "display": "Healthcare Operations"
              }
            ],
            "text": "V1.1.0: Added values 'orgretirementhome', 'orgrevalidationcenter', 'orgshelteredliving', 'orgpsychiatriccarehome', 'orgpolyclinic'."
          }
        ],
        "activity": {
          "coding": [
            {
              "system": "http://terminology.hl7.org/CodeSystem/v3-DataOperation",
              "code": "UPDATE"
            }
          ]
        },
        "agent": [
          {
            "type": {
              "coding": [
                {
                  "system": "http://terminology.hl7.org/CodeSystem/provenance-participant-type",
                  "code": "author"
                }
              ]
            },
            "who": {
              "reference": "Organization/eHealthPlatform",
              "display": "eHealth Platform"
            }
          }
        ]
      }
    },
    {
      "fullUrl": "http://example.org/fhir/2",
      "resource": {
        "resourceType": "Provenance",
        "id": "CDFEDCOUNTRY1.1.0",
        "meta": {
          "profile": [
            "https://www.ehealth.fgov.be/standards/fhir/StructureDefinition/be-provenance"
          ]
        },
        "text": {
          "status": "generated",
          "div": "<div xmlns=\"http://www.w3.org/1999/xhtml\"><p><b>Generated Narrative</b></p><p><b>target</b>: <a href=\"CodeSystem-cd-fed-country.html\">Generated Summary: url: https://www.ehealth.fgov.be/standards/fhir/CodeSystem/cd-fed-country; version: 1.1.0; name: Cdfedcountry; title: CodeSystem CD-FED-COUNTRY; status: active; date: Feb 12, 2021 12:13:57 PM; publisher: eHealth Platform; eHealth Platform: https://www.ehealth.fgov.be, Message structure: message-structure@ehealth.fgov.be; description: FedICT country codes.; content: fragment</a></p><p><b>occurred</b>: Sep 25, 2020 10:00:00 AM</p><p><b>recorded</b>: Sep 25, 2020 10:00:00 AM</p><p><b>reason</b>: <span title=\"Codes: {http://terminology.hl7.org/CodeSystem/v3-ActReason HOPERAT}\">V1.1.0: content mode on fragment. Added BE value.</span></p><p><b>activity</b>: <span title=\"Codes: {http://terminology.hl7.org/CodeSystem/v3-DataOperation UPDATE}\">revise</span></p><h3>Agents</h3><table class=\"grid\"><tr><td>-</td><td><b>Type</b></td><td><b>Who</b></td></tr><tr><td>*</td><td><span title=\"Codes: {http://terminology.hl7.org/CodeSystem/provenance-participant-type author}\">Author</span></td><td><a href=\"Organization-eHealthPlatform.html\">eHealth Platform. Generated Summary: active; name: eHealth Platform; Phone: 3228918611</a></td></tr></table></div>"
        },
        "target": [
          {
            "reference": "CodeSystem/cd-fed-country"
          }
        ],
        "occurredDateTime": "2020-09-25T09:00:00+01:00",
        "recorded": "2020-09-25T09:00:00+01:00",
        "reason": [
          {
            "coding": [
              {
                "system": "http://terminology.hl7.org/CodeSystem/v3-ActReason",
                "code": "HOPERAT",
                "display": "Healthcare Operations"
              }
            ],
            "text": "V1.1.0: content mode on fragment. Added BE value."
          }
        ],
        "activity": {
          "coding": [
            {
              "system": "http://terminology.hl7.org/CodeSystem/v3-DataOperation",
              "code": "UPDATE"
            }
          ]
        },
        "agent": [
          {
            "type": {
              "coding": [
                {
                  "system": "http://terminology.hl7.org/CodeSystem/provenance-participant-type",
                  "code": "author"
                }
              ]
            },
            "who": {
              "reference": "Organization/eHealthPlatform",
              "display": "eHealth Platform"
            }
          }
        ]
      }
    }
  ]
}