[
  {
    "id": "albert",
    "type": "CodeSystem",
    "url": "https://www.ehealth.fgov.be/standards/fhir/CodeSystem/albert",
    "version": "1.0.0",
    "name": "Albert"
  },
  {
    "id": "cd-civilstate",
    "type": "CodeSystem",
    "url": "https://www.ehealth.fgov.be/standards/fhir/CodeSystem/cd-civilstate",
    "version": "1.0.0",
    "name": "Cdcivilstate"
  },
  {
    "id": "cd-contact-person",
    "type": "CodeSystem",
    "url": "https://www.ehealth.fgov.be/standards/fhir/CodeSystem/cd-contact-person",
    "version": "1.0.0",
    "name": "Cdcontactperson"
  },
  {
    "id": "cd-fed-country",
    "type": "CodeSystem",
    "url": "https://www.ehealth.fgov.be/standards/fhir/CodeSystem/cd-fed-country",
    "version": "1.1.0",
    "name": "Cdfedcountry"
  },
  {
    "id": "cd-hcparty",
    "type": "CodeSystem",
    "url": "https://www.ehealth.fgov.be/standards/fhir/CodeSystem/cd-hcparty",
    "version": "1.1.0",
    "name": "HCParty"
  },
  {
    "id": "fed.be.core",
    "type": "ImplementationGuide",
    "url": "https://www.ehealth.fgov.be/standards/fhir/ImplementationGuide/fed.be.core",
    "version": "1.1.0",
    "name": "TheCoreBelgianFederalFHIRProfiles"
  },
  {
    "id": "be-cbe",
    "type": "NamingSystem",
    "url": "https://www.ehealth.fgov.be/standards/fhir/NamingSystem/be-cbe",
    "name": "BeCBENamingSystem"
  },
  {
    "id": "be-ehp",
    "type": "NamingSystem",
    "url": "https://www.ehealth.fgov.be/standards/fhir/NamingSystem/be-ehp",
    "name": "BeEhealthPartnerIDNamingSystem"
  },
  {
    "id": "be-nihdi",
    "type": "NamingSystem",
    "url": "https://www.ehealth.fgov.be/standards/fhir/NamingSystem/be-nihdi",
    "name": "BeNIHDINamingSystem"
  },
  {
    "id": "be-ssin",
    "type": "NamingSystem",
    "url": "https://www.ehealth.fgov.be/standards/fhir/NamingSystem/be-ssin",
    "name": "BeSSINNamingSystem"
  },
  {
    "id": "be-address",
    "type": "StructureDefinition",
    "url": "https://www.ehealth.fgov.be/standards/fhir/StructureDefinition/be-address",
    "version": "1.0.0",
    "name": "BeAddress"
  },
  {
    "id": "be-allergyintolerance",
    "type": "StructureDefinition",
    "url": "https://www.ehealth.fgov.be/standards/fhir/StructureDefinition/be-allergyintolerance",
    "version": "1.0.0",
    "name": "BeAllergyIntolerance"
  },
  {
    "id": "be-observation",
    "type": "StructureDefinition",
    "url": "https://www.ehealth.fgov.be/standards/fhir/StructureDefinition/be-observation",
    "version": "1.0.0",
    "name": "BeObservation"
  },
  {
    "id": "be-observationcodeableconcept",
    "type": "StructureDefinition",
    "url": "https://www.ehealth.fgov.be/standards/fhir/StructureDefinition/be-observationcodeableconcept",
    "version": "1.0.0",
    "name": "BeObservationCodeableConcept"
  },
  {
    "id": "be-organization",
    "type": "StructureDefinition",
    "url": "https://www.ehealth.fgov.be/standards/fhir/StructureDefinition/be-organization",
    "version": "1.0.0",
    "name": "BeOrganization"
  },
  {
    "id": "be-patient",
    "type": "StructureDefinition",
    "url": "https://www.ehealth.fgov.be/standards/fhir/StructureDefinition/be-patient",
    "version": "1.0.0",
    "name": "BePatient"
  },
  {
    "id": "be-practitioner",
    "type": "StructureDefinition",
    "url": "https://www.ehealth.fgov.be/standards/fhir/StructureDefinition/be-practitioner",
    "version": "1.0.0",
    "name": "BePractitioner"
  },
  {
    "id": "be-practitionerrole",
    "type": "StructureDefinition",
    "url": "https://www.ehealth.fgov.be/standards/fhir/StructureDefinition/be-practitionerrole",
    "version": "1.0.0",
    "name": "BePractitionerRole"
  },
  {
    "id": "be-provenance",
    "type": "StructureDefinition",
    "url": "https://www.ehealth.fgov.be/standards/fhir/StructureDefinition/be-provenance",
    "version": "1.0.0",
    "name": "BeProvenance"
  },
  {
    "id": "be-allergyintolerancecode",
    "type": "ValueSet",
    "url": "https://www.ehealth.fgov.be/standards/fhir/ValueSet/be-allergyintolerancecode",
    "version": "1.0.0",
    "name": "BeAllergyIntoleranceCode"
  },
  {
    "id": "be-causativeagent",
    "type": "ValueSet",
    "url": "https://www.ehealth.fgov.be/standards/fhir/ValueSet/be-causativeagent",
    "version": "1.0.0",
    "name": "BeCausativeAgent"
  },
  {
    "id": "be-civilstate",
    "type": "ValueSet",
    "url": "https://www.ehealth.fgov.be/standards/fhir/ValueSet/be-civilstate",
    "version": "1.0.0",
    "name": "BeCivilState"
  },
  {
    "id": "be-contactperson",
    "type": "ValueSet",
    "url": "https://www.ehealth.fgov.be/standards/fhir/ValueSet/be-contactperson",
    "version": "1.0.0",
    "name": "BeContactPerson"
  },
  {
    "id": "be-exposureroute",
    "type": "ValueSet",
    "url": "https://www.ehealth.fgov.be/standards/fhir/ValueSet/be-exposureroute",
    "version": "1.0.0",
    "name": "BeExposureRoute"
  },
  {
    "id": "be-noallergy",
    "type": "ValueSet",
    "url": "https://www.ehealth.fgov.be/standards/fhir/ValueSet/be-noallergy",
    "version": "1.0.0",
    "name": "BeNoAllergy"
  },
  {
    "id": "be-riskmanifestation",
    "type": "ValueSet",
    "url": "https://www.ehealth.fgov.be/standards/fhir/ValueSet/be-riskmanifestation",
    "version": "1.0.0",
    "name": "BeRiskManifestation"
  }
]