<?xml version="1.0" encoding="UTF-8"?>

<CodeSystem xmlns="http://hl7.org/fhir">
  <id value="cd-hcparty"/>
  <text>
    <status value="generated"/><div xmlns="http://www.w3.org/1999/xhtml"><h2>HCParty</h2><div><p>healthcare party in Belgium.</p>
</div><p>This code system https://www.ehealth.fgov.be/standards/fhir/CodeSystem/cd-hcparty defines the following codes:</p><table class="codes"><tr><td style="white-space:nowrap"><b>Code</b></td><td><b>Display</b></td><td><b>Definition</b></td></tr><tr><td style="white-space:nowrap">deptanatomopathology<a name="cd-hcparty-deptanatomopathology"> </a></td><td>anatomopathology</td><td/></tr><tr><td style="white-space:nowrap">deptanesthesiology<a name="cd-hcparty-deptanesthesiology"> </a></td><td>anesthesiology</td><td/></tr><tr><td style="white-space:nowrap">deptbacteriology<a name="cd-hcparty-deptbacteriology"> </a></td><td>bacteriology</td><td/></tr><tr><td style="white-space:nowrap">deptcardiology<a name="cd-hcparty-deptcardiology"> </a></td><td>cardiology</td><td/></tr><tr><td style="white-space:nowrap">deptdermatology<a name="cd-hcparty-deptdermatology"> </a></td><td>dermatology</td><td/></tr><tr><td style="white-space:nowrap">deptdietetics<a name="cd-hcparty-deptdietetics"> </a></td><td>dietetics</td><td/></tr><tr><td style="white-space:nowrap">deptemergency<a name="cd-hcparty-deptemergency"> </a></td><td>emergency</td><td/></tr><tr><td style="white-space:nowrap">deptgastroenterology<a name="cd-hcparty-deptgastroenterology"> </a></td><td>gastroenterology</td><td/></tr><tr><td style="white-space:nowrap">deptgeneralpractice<a name="cd-hcparty-deptgeneralpractice"> </a></td><td>general practice</td><td/></tr><tr><td style="white-space:nowrap">deptgenetics<a name="cd-hcparty-deptgenetics"> </a></td><td>genetics</td><td/></tr><tr><td style="white-space:nowrap">deptgeriatry<a name="cd-hcparty-deptgeriatry"> </a></td><td>geriatry</td><td/></tr><tr><td style="white-space:nowrap">deptgynecology<a name="cd-hcparty-deptgynecology"> </a></td><td>gynecology</td><td/></tr><tr><td style="white-space:nowrap">depthematology<a name="cd-hcparty-depthematology"> </a></td><td>hematology</td><td/></tr><tr><td style="white-space:nowrap">deptintensivecare<a name="cd-hcparty-deptintensivecare"> </a></td><td>intensive care</td><td/></tr><tr><td style="white-space:nowrap">deptkinesitherapy<a name="cd-hcparty-deptkinesitherapy"> </a></td><td>kinesitherapy</td><td/></tr><tr><td style="white-space:nowrap">deptlaboratory<a name="cd-hcparty-deptlaboratory"> </a></td><td>Laboratory service or department within an organisation</td><td/></tr><tr><td style="white-space:nowrap">deptmedicine<a name="cd-hcparty-deptmedicine"> </a></td><td>internal medecine</td><td/></tr><tr><td style="white-space:nowrap">deptmolecularbiology<a name="cd-hcparty-deptmolecularbiology"> </a></td><td>molecular biology</td><td/></tr><tr><td style="white-space:nowrap">deptneonatalogy<a name="cd-hcparty-deptneonatalogy"> </a></td><td>neonatalogy</td><td/></tr><tr><td style="white-space:nowrap">deptnephrology<a name="cd-hcparty-deptnephrology"> </a></td><td>nephrology</td><td/></tr><tr><td style="white-space:nowrap">deptneurology<a name="cd-hcparty-deptneurology"> </a></td><td>neurology</td><td/></tr><tr><td style="white-space:nowrap">deptnte<a name="cd-hcparty-deptnte"> </a></td><td>nose-throat-ear</td><td/></tr><tr><td style="white-space:nowrap">deptnuclear<a name="cd-hcparty-deptnuclear"> </a></td><td>nuclear</td><td/></tr><tr><td style="white-space:nowrap">deptoncology<a name="cd-hcparty-deptoncology"> </a></td><td>oncology</td><td/></tr><tr><td style="white-space:nowrap">deptophtalmology<a name="cd-hcparty-deptophtalmology"> </a></td><td>ophtalmology</td><td/></tr><tr><td style="white-space:nowrap">deptpediatry<a name="cd-hcparty-deptpediatry"> </a></td><td>pediatry</td><td/></tr><tr><td style="white-space:nowrap">deptpharmacy<a name="cd-hcparty-deptpharmacy"> </a></td><td>Pharmacy service or department within an organisation</td><td/></tr><tr><td style="white-space:nowrap">deptphysiotherapy<a name="cd-hcparty-deptphysiotherapy"> </a></td><td>physiotherapy</td><td/></tr><tr><td style="white-space:nowrap">deptpneumology<a name="cd-hcparty-deptpneumology"> </a></td><td>pneumology</td><td/></tr><tr><td style="white-space:nowrap">deptpsychiatry<a name="cd-hcparty-deptpsychiatry"> </a></td><td>psychiatry</td><td/></tr><tr><td style="white-space:nowrap">deptradiology<a name="cd-hcparty-deptradiology"> </a></td><td>radiology</td><td/></tr><tr><td style="white-space:nowrap">deptradiotherapy<a name="cd-hcparty-deptradiotherapy"> </a></td><td>radiotherapy</td><td/></tr><tr><td style="white-space:nowrap">deptrhumatology (deprecated)<a name="cd-hcparty-deptrhumatology.40deprecated.41"> </a></td><td>rhumatology</td><td/></tr><tr><td style="white-space:nowrap">deptstomatology<a name="cd-hcparty-deptstomatology"> </a></td><td>stomatology</td><td/></tr><tr><td style="white-space:nowrap">deptsurgery<a name="cd-hcparty-deptsurgery"> </a></td><td>surgery</td><td/></tr><tr><td style="white-space:nowrap">depttoxicology<a name="cd-hcparty-depttoxicology"> </a></td><td>toxicology</td><td/></tr><tr><td style="white-space:nowrap">depturology<a name="cd-hcparty-depturology"> </a></td><td>urology</td><td/></tr><tr><td style="white-space:nowrap">orghospital<a name="cd-hcparty-orghospital"> </a></td><td>hospital</td><td/></tr><tr><td style="white-space:nowrap">orginsurance<a name="cd-hcparty-orginsurance"> </a></td><td>insurance</td><td/></tr><tr><td style="white-space:nowrap">orglaboratory<a name="cd-hcparty-orglaboratory"> </a></td><td>Independent laboratory</td><td/></tr><tr><td style="white-space:nowrap">orgpublichealth<a name="cd-hcparty-orgpublichealth"> </a></td><td>public health organisation</td><td/></tr><tr><td style="white-space:nowrap">persbiologist<a name="cd-hcparty-persbiologist"> </a></td><td>medical laboratory technician</td><td/></tr><tr><td style="white-space:nowrap">persdentist<a name="cd-hcparty-persdentist"> </a></td><td>dentist</td><td/></tr><tr><td style="white-space:nowrap">persnurse<a name="cd-hcparty-persnurse"> </a></td><td>nurse</td><td/></tr><tr><td style="white-space:nowrap">persparamedical<a name="cd-hcparty-persparamedical"> </a></td><td>paramedical</td><td/></tr><tr><td style="white-space:nowrap">perspharmacist<a name="cd-hcparty-perspharmacist"> </a></td><td>pharmacist</td><td/></tr><tr><td style="white-space:nowrap">persphysician<a name="cd-hcparty-persphysician"> </a></td><td>physician</td><td/></tr><tr><td style="white-space:nowrap">perssocialworker<a name="cd-hcparty-perssocialworker"> </a></td><td>social worker</td><td/></tr><tr><td style="white-space:nowrap">perstechnician<a name="cd-hcparty-perstechnician"> </a></td><td>Medical Imaging Technician</td><td/></tr><tr><td style="white-space:nowrap">persadministrative<a name="cd-hcparty-persadministrative"> </a></td><td>administrative</td><td/></tr><tr><td style="white-space:nowrap">persmidwife<a name="cd-hcparty-persmidwife"> </a></td><td>midwife</td><td/></tr><tr><td style="white-space:nowrap">application<a name="cd-hcparty-application"> </a></td><td>software application</td><td/></tr><tr><td style="white-space:nowrap">deptorthopedy<a name="cd-hcparty-deptorthopedy"> </a></td><td>orthopedy</td><td/></tr><tr><td style="white-space:nowrap">orgpractice<a name="cd-hcparty-orgpractice"> </a></td><td>practice organisation</td><td/></tr><tr><td style="white-space:nowrap">orgpharmacy<a name="cd-hcparty-orgpharmacy"> </a></td><td>Independent pharmacy</td><td/></tr><tr><td style="white-space:nowrap">deptalgology<a name="cd-hcparty-deptalgology"> </a></td><td>algology</td><td/></tr><tr><td style="white-space:nowrap">deptcardiacsurgery<a name="cd-hcparty-deptcardiacsurgery"> </a></td><td>cardiac surgery</td><td/></tr><tr><td style="white-space:nowrap">depthandsurgery<a name="cd-hcparty-depthandsurgery"> </a></td><td>hand surgery</td><td/></tr><tr><td style="white-space:nowrap">deptmaxillofacialsurgery<a name="cd-hcparty-deptmaxillofacialsurgery"> </a></td><td>maxillofacial surgery</td><td/></tr><tr><td style="white-space:nowrap">deptpediatricsurgery<a name="cd-hcparty-deptpediatricsurgery"> </a></td><td>pediatric surgery</td><td/></tr><tr><td style="white-space:nowrap">deptplasticandreparatorysurgery<a name="cd-hcparty-deptplasticandreparatorysurgery"> </a></td><td>plastic and reparatory surgery</td><td/></tr><tr><td style="white-space:nowrap">deptthoracicsurgery<a name="cd-hcparty-deptthoracicsurgery"> </a></td><td>thoracic surgery</td><td/></tr><tr><td style="white-space:nowrap">deptvascularsurgery<a name="cd-hcparty-deptvascularsurgery"> </a></td><td>vascular surgery</td><td/></tr><tr><td style="white-space:nowrap">deptvisceraldigestiveabdominalsurgery<a name="cd-hcparty-deptvisceraldigestiveabdominalsurgery"> </a></td><td>visceral digestive abdominal surgery</td><td/></tr><tr><td style="white-space:nowrap">deptdentistry<a name="cd-hcparty-deptdentistry"> </a></td><td>dentistry</td><td/></tr><tr><td style="white-space:nowrap">deptdiabetology<a name="cd-hcparty-deptdiabetology"> </a></td><td>diabetology</td><td/></tr><tr><td style="white-space:nowrap">deptendocrinology<a name="cd-hcparty-deptendocrinology"> </a></td><td>endocrinology</td><td/></tr><tr><td style="white-space:nowrap">deptoccupationaltherapy<a name="cd-hcparty-deptoccupationaltherapy"> </a></td><td>occupational therapy</td><td/></tr><tr><td style="white-space:nowrap">deptmajorburns<a name="cd-hcparty-deptmajorburns"> </a></td><td>major burns</td><td/></tr><tr><td style="white-space:nowrap">deptinfectiousdisease<a name="cd-hcparty-deptinfectiousdisease"> </a></td><td>infectious disease</td><td/></tr><tr><td style="white-space:nowrap">deptspeechtherapy<a name="cd-hcparty-deptspeechtherapy"> </a></td><td>speech therapy</td><td/></tr><tr><td style="white-space:nowrap">deptsportsmedecine<a name="cd-hcparty-deptsportsmedecine"> </a></td><td>sports medecine</td><td/></tr><tr><td style="white-space:nowrap">deptphysicalmedecine<a name="cd-hcparty-deptphysicalmedecine"> </a></td><td>physical medecine</td><td/></tr><tr><td style="white-space:nowrap">depttropicalmedecine<a name="cd-hcparty-depttropicalmedecine"> </a></td><td>tropical medecine</td><td/></tr><tr><td style="white-space:nowrap">deptneurosurgery<a name="cd-hcparty-deptneurosurgery"> </a></td><td>neuro surgery</td><td/></tr><tr><td style="white-space:nowrap">deptnutritiondietetics<a name="cd-hcparty-deptnutritiondietetics"> </a></td><td>nutrition dietetics</td><td/></tr><tr><td style="white-space:nowrap">deptobstetrics<a name="cd-hcparty-deptobstetrics"> </a></td><td>obstetrics</td><td/></tr><tr><td style="white-space:nowrap">deptchildandadolescentpsychiatry<a name="cd-hcparty-deptchildandadolescentpsychiatry"> </a></td><td>child and adolescent psychiatry</td><td/></tr><tr><td style="white-space:nowrap">deptpodiatry<a name="cd-hcparty-deptpodiatry"> </a></td><td>podiatry</td><td/></tr><tr><td style="white-space:nowrap">deptpsychology<a name="cd-hcparty-deptpsychology"> </a></td><td>psychology</td><td/></tr><tr><td style="white-space:nowrap">deptrevalidation<a name="cd-hcparty-deptrevalidation"> </a></td><td>revalidation</td><td/></tr><tr><td style="white-space:nowrap">deptsenology<a name="cd-hcparty-deptsenology"> </a></td><td>senology</td><td/></tr><tr><td style="white-space:nowrap">deptsocialservice<a name="cd-hcparty-deptsocialservice"> </a></td><td>social service</td><td/></tr><tr><td style="white-space:nowrap">deptpediatricintensivecare<a name="cd-hcparty-deptpediatricintensivecare"> </a></td><td>pediatric intensive care</td><td/></tr><tr><td style="white-space:nowrap">deptpalliativecare<a name="cd-hcparty-deptpalliativecare"> </a></td><td>palliative care</td><td/></tr><tr><td style="white-space:nowrap">deptrheumatology<a name="cd-hcparty-deptrheumatology"> </a></td><td>rheumatology</td><td/></tr><tr><td style="white-space:nowrap">persambulancefirstaid<a name="cd-hcparty-persambulancefirstaid"> </a></td><td>ambulance first aid</td><td/></tr><tr><td style="white-space:nowrap">persaudician<a name="cd-hcparty-persaudician"> </a></td><td>audician</td><td/></tr><tr><td style="white-space:nowrap">persaudiologist<a name="cd-hcparty-persaudiologist"> </a></td><td>audiologist</td><td/></tr><tr><td style="white-space:nowrap">perscaregiver<a name="cd-hcparty-perscaregiver"> </a></td><td>caregiver</td><td/></tr><tr><td style="white-space:nowrap">persdietician<a name="cd-hcparty-persdietician"> </a></td><td>dietician</td><td/></tr><tr><td style="white-space:nowrap">perseducator<a name="cd-hcparty-perseducator"> </a></td><td>educator</td><td/></tr><tr><td style="white-space:nowrap">perslogopedist<a name="cd-hcparty-perslogopedist"> </a></td><td>logopedist</td><td/></tr><tr><td style="white-space:nowrap">persoccupationaltherapist<a name="cd-hcparty-persoccupationaltherapist"> </a></td><td>occupational therapist</td><td/></tr><tr><td style="white-space:nowrap">persorthopedist (deprecated)<a name="cd-hcparty-persorthopedist.40deprecated.41"> </a></td><td>orthopedist</td><td/></tr><tr><td style="white-space:nowrap">persorthoptist<a name="cd-hcparty-persorthoptist"> </a></td><td>orthoptist</td><td/></tr><tr><td style="white-space:nowrap">persoptician<a name="cd-hcparty-persoptician"> </a></td><td>optician</td><td/></tr><tr><td style="white-space:nowrap">perspharmacyassistant<a name="cd-hcparty-perspharmacyassistant"> </a></td><td>pharmacy assistant</td><td/></tr><tr><td style="white-space:nowrap">persphysiotherapist<a name="cd-hcparty-persphysiotherapist"> </a></td><td>physiotherapist</td><td/></tr><tr><td style="white-space:nowrap">perspodologist<a name="cd-hcparty-perspodologist"> </a></td><td>podologist</td><td/></tr><tr><td style="white-space:nowrap">perspracticalnurse<a name="cd-hcparty-perspracticalnurse"> </a></td><td>practical nurse</td><td/></tr><tr><td style="white-space:nowrap">perspsychologist<a name="cd-hcparty-perspsychologist"> </a></td><td>psychologist</td><td/></tr><tr><td style="white-space:nowrap">orgprimaryhealthcarecenter<a name="cd-hcparty-orgprimaryhealthcarecenter"> </a></td><td>primary health care center</td><td/></tr><tr><td style="white-space:nowrap">guardpost<a name="cd-hcparty-guardpost"> </a></td><td>Guard post</td><td/></tr><tr><td style="white-space:nowrap">groupofphysicianssameaddress<a name="cd-hcparty-groupofphysicianssameaddress"> </a></td><td>Group of physicians same address</td><td/></tr><tr><td style="white-space:nowrap">groupofphysiciansdifferentaddress<a name="cd-hcparty-groupofphysiciansdifferentaddress"> </a></td><td>Group of physicians different address</td><td/></tr><tr><td style="white-space:nowrap">groupofnurses<a name="cd-hcparty-groupofnurses"> </a></td><td>Group of nurses</td><td/></tr><tr><td style="white-space:nowrap">certificateholder<a name="cd-hcparty-certificateholder"> </a></td><td>Certificate holder</td><td/></tr><tr><td style="white-space:nowrap">perstrussmaker<a name="cd-hcparty-perstrussmaker"> </a></td><td>Truss maker</td><td/></tr><tr><td style="white-space:nowrap">patient<a name="cd-hcparty-patient"> </a></td><td>Patient</td><td/></tr><tr><td style="white-space:nowrap">persorthotist<a name="cd-hcparty-persorthotist"> </a></td><td>Orthotist</td><td/></tr><tr><td style="white-space:nowrap">perspatientdriver<a name="cd-hcparty-perspatientdriver"> </a></td><td>Patient driver (not urgent)</td><td/></tr><tr><td style="white-space:nowrap">orgprevention<a name="cd-hcparty-orgprevention"> </a></td><td>Prevention organisation</td><td/></tr><tr><td style="white-space:nowrap">perspharmacistclinicalbiologist<a name="cd-hcparty-perspharmacistclinicalbiologist"> </a></td><td>pharmacist-clinical biologist</td><td/></tr><tr><td style="white-space:nowrap">hub<a name="cd-hcparty-hub"> </a></td><td>hub</td><td/></tr><tr><td style="white-space:nowrap">deptnursing<a name="cd-hcparty-deptnursing"> </a></td><td>nursing</td><td/></tr><tr><td style="white-space:nowrap">persoraldentalhygienist<a name="cd-hcparty-persoraldentalhygienist"> </a></td><td>Oral dental hygienist</td><td/></tr><tr><td style="white-space:nowrap">persclinicalpsychologist<a name="cd-hcparty-persclinicalpsychologist"> </a></td><td>Clinical psychologist</td><td/></tr><tr><td style="white-space:nowrap">persclinicalorthopedagogist<a name="cd-hcparty-persclinicalorthopedagogist"> </a></td><td>Clinical orthopedagogist</td><td/></tr></table></div>
  </text>
  <url value="https://www.ehealth.fgov.be/standards/fhir/CodeSystem/cd-hcparty"/>
  <version value="1.0.0"/>
  <name value="HCParty"/>
  <title value="HCParty"/>
  <status value="active"/>
  <experimental value="false"/>
  <date value="2019-12-19T00:18:49+01:00"/>
  <publisher value="eHealth Platform"/>
  <contact>
    <telecom>
      <system value="other"/>
      <value value="http://hl7.org/Special/committees/fiwg"/>
    </telecom>
  </contact>
  <description value="healthcare party in Belgium."/>
  <jurisdiction>
    <coding>
      <system value="http://unstats.un.org/unsd/methods/m49/m49.htm"/>
      <code value="001"/>
    </coding>
  </jurisdiction>
  <caseSensitive value="false"/>
  <content value="complete"/>
  <concept>
    <code value="deptanatomopathology"/>
    <display value="anatomopathology"/>
    <designation>
      <language value="en"/>
      <value value="anatomopathology"/>
    </designation>
    <designation>
      <language value="nl-BE"/>
      <value value="anatomo-pathologie"/>
    </designation>
    <designation>
      <language value="fr-BE"/>
      <value value="anatomopathologie"/>
    </designation>
    <designation>
      <language value="de"/>
      <value value="pathologische Anatomie"/>
    </designation>
  </concept>
  <concept>
    <code value="deptanesthesiology"/>
    <display value="anesthesiology"/>
    <designation>
      <language value="en"/>
      <value value="anesthesiology"/>
    </designation>
    <designation>
      <language value="nl-BE"/>
      <value value="anesthesiologie"/>
    </designation>
    <designation>
      <language value="fr-BE"/>
      <value value="anesth&#xE9;siologie"/>
    </designation>
    <designation>
      <language value="de"/>
      <value value="An&#xE4;sthesiologe"/>
    </designation>
  </concept>
  <concept>
    <code value="deptbacteriology"/>
    <display value="bacteriology"/>
    <designation>
      <language value="en"/>
      <value value="bacteriology"/>
    </designation>
    <designation>
      <language value="nl-BE"/>
      <value value="bacteriologie"/>
    </designation>
    <designation>
      <language value="fr-BE"/>
      <value value="bact&#xE9;riologie"/>
    </designation>
    <designation>
      <language value="de"/>
      <value value="Bakteriologie"/>
    </designation>
  </concept>
  <concept>
    <code value="deptcardiology"/>
    <display value="cardiology"/>
    <designation>
      <language value="en"/>
      <value value="cardiology"/>
    </designation>
    <designation>
      <language value="nl-BE"/>
      <value value="cardiologie"/>
    </designation>
    <designation>
      <language value="fr-BE"/>
      <value value="cardiologie"/>
    </designation>
    <designation>
      <language value="de"/>
      <value value="Kardiologie"/>
    </designation>
  </concept>
  <concept>
    <code value="deptdermatology"/>
    <display value="dermatology"/>
    <designation>
      <language value="en"/>
      <value value="dermatology"/>
    </designation>
    <designation>
      <language value="nl-BE"/>
      <value value="dermatologie"/>
    </designation>
    <designation>
      <language value="fr-BE"/>
      <value value="dermatologie"/>
    </designation>
    <designation>
      <language value="de"/>
      <value value="Dermatologie"/>
    </designation>
  </concept>
  <concept>
    <code value="deptdietetics"/>
    <display value="dietetics"/>
    <designation>
      <language value="en"/>
      <value value="dietetics"/>
    </designation>
    <designation>
      <language value="nl-BE"/>
      <value value="di&#xEB;tetiek"/>
    </designation>
    <designation>
      <language value="fr-BE"/>
      <value value="di&#xE9;t&#xE9;tique"/>
    </designation>
    <designation>
      <language value="de"/>
      <value value="Di&#xE4;tetik"/>
    </designation>
  </concept>
  <concept>
    <code value="deptemergency"/>
    <display value="emergency"/>
    <designation>
      <language value="en"/>
      <value value="emergency"/>
    </designation>
    <designation>
      <language value="nl-BE"/>
      <value value="spoeddiensten"/>
    </designation>
    <designation>
      <language value="fr-BE"/>
      <value value="services d&#39;urgence"/>
    </designation>
    <designation>
      <language value="de"/>
      <value value="Notfalldienst"/>
    </designation>
  </concept>
  <concept>
    <code value="deptgastroenterology"/>
    <display value="gastroenterology"/>
    <designation>
      <language value="en"/>
      <value value="gastroenterology"/>
    </designation>
    <designation>
      <language value="nl-BE"/>
      <value value="gastro-enterologie"/>
    </designation>
    <designation>
      <language value="fr-BE"/>
      <value value="gastroent&#xE9;rologie"/>
    </designation>
    <designation>
      <language value="de"/>
      <value value="Gastroenterologie"/>
    </designation>
  </concept>
  <concept>
    <code value="deptgeneralpractice"/>
    <display value="general practice"/>
    <designation>
      <language value="en"/>
      <value value="general practice"/>
    </designation>
    <designation>
      <language value="nl-BE"/>
      <value value="algemene geneeskunde"/>
    </designation>
    <designation>
      <language value="fr-BE"/>
      <value value="m&#xE9;decine g&#xE9;n&#xE9;rale"/>
    </designation>
    <designation>
      <language value="de"/>
      <value value="Allgemeinmedizin"/>
    </designation>
  </concept>
  <concept>
    <code value="deptgenetics"/>
    <display value="genetics"/>
    <designation>
      <language value="en"/>
      <value value="genetics"/>
    </designation>
    <designation>
      <language value="nl-BE"/>
      <value value="genetica"/>
    </designation>
    <designation>
      <language value="fr-BE"/>
      <value value="g&#xE9;n&#xE9;tique"/>
    </designation>
    <designation>
      <language value="de"/>
      <value value="Genetik"/>
    </designation>
  </concept>
  <concept>
    <code value="deptgeriatry"/>
    <display value="geriatry"/>
    <designation>
      <language value="en"/>
      <value value="geriatry"/>
    </designation>
    <designation>
      <language value="nl-BE"/>
      <value value="geriatrie"/>
    </designation>
    <designation>
      <language value="fr-BE"/>
      <value value="g&#xE9;riatrie"/>
    </designation>
    <designation>
      <language value="de"/>
      <value value="Geriatrie"/>
    </designation>
  </concept>
  <concept>
    <code value="deptgynecology"/>
    <display value="gynecology"/>
    <designation>
      <language value="en"/>
      <value value="gynecology"/>
    </designation>
    <designation>
      <language value="nl-BE"/>
      <value value="gynaecologie"/>
    </designation>
    <designation>
      <language value="fr-BE"/>
      <value value="gyn&#xE9;cologie"/>
    </designation>
    <designation>
      <language value="de"/>
      <value value="Gyn&#xE4;kologie"/>
    </designation>
  </concept>
  <concept>
    <code value="depthematology"/>
    <display value="hematology"/>
    <designation>
      <language value="en"/>
      <value value="hematology"/>
    </designation>
    <designation>
      <language value="nl-BE"/>
      <value value="hematologie"/>
    </designation>
    <designation>
      <language value="fr-BE"/>
      <value value="h&#xE9;matologie"/>
    </designation>
    <designation>
      <language value="de"/>
      <value value="H&#xE4;matologie"/>
    </designation>
  </concept>
  <concept>
    <code value="deptintensivecare"/>
    <display value="intensive care"/>
    <designation>
      <language value="en"/>
      <value value="intensive care"/>
    </designation>
    <designation>
      <language value="nl-BE"/>
      <value value="intensieve zorgen"/>
    </designation>
    <designation>
      <language value="fr-BE"/>
      <value value="soins intensifs"/>
    </designation>
    <designation>
      <language value="de"/>
      <value value="Intensivmedizin"/>
    </designation>
  </concept>
  <concept>
    <code value="deptkinesitherapy"/>
    <display value="kinesitherapy"/>
    <designation>
      <language value="en"/>
      <value value="kinesitherapy"/>
    </designation>
    <designation>
      <language value="nl-BE"/>
      <value value="kinesitherapie"/>
    </designation>
    <designation>
      <language value="fr-BE"/>
      <value value="kin&#xE9;sith&#xE9;rapie"/>
    </designation>
    <designation>
      <language value="de"/>
      <value value="Bewegungstherapie"/>
    </designation>
  </concept>
  <concept>
    <code value="deptlaboratory"/>
    <display value="Laboratory service or department within an organisation"/>
    <designation>
      <language value="en"/>
      <value value="Laboratory service or department within an organisation"/>
    </designation>
    <designation>
      <language value="nl-BE"/>
      <value value="Laboratoriumdienst of -afdeling binnen een organisatie"/>
    </designation>
    <designation>
      <language value="fr-BE"/>
      <value value="Service / D&#xE9;partement laboratoire au sein d&#39;une organisation"/>
    </designation>
    <designation>
      <language value="de"/>
      <value value="Laboratorium Dienst/Abteilung in einer Organisation"/>
    </designation>
  </concept>
  <concept>
    <code value="deptmedicine"/>
    <display value="internal medecine"/>
    <designation>
      <language value="en"/>
      <value value="internal medecine"/>
    </designation>
    <designation>
      <language value="nl-BE"/>
      <value value="interne geneeskunde"/>
    </designation>
    <designation>
      <language value="fr-BE"/>
      <value value="m&#xE9;dicine interne"/>
    </designation>
    <designation>
      <language value="de"/>
      <value value="Innere Medizin"/>
    </designation>
  </concept>
  <concept>
    <code value="deptmolecularbiology"/>
    <display value="molecular biology"/>
    <designation>
      <language value="en"/>
      <value value="molecular biology"/>
    </designation>
    <designation>
      <language value="nl-BE"/>
      <value value="moleculaire biologie"/>
    </designation>
    <designation>
      <language value="fr-BE"/>
      <value value="biologie mol&#xE9;culaire"/>
    </designation>
    <designation>
      <language value="de"/>
      <value value="Molekularbiologie"/>
    </designation>
  </concept>
  <concept>
    <code value="deptneonatalogy"/>
    <display value="neonatalogy"/>
    <designation>
      <language value="en"/>
      <value value="neonatalogy"/>
    </designation>
    <designation>
      <language value="nl-BE"/>
      <value value="neonatologie"/>
    </designation>
    <designation>
      <language value="fr-BE"/>
      <value value="n&#xE9;onatologie"/>
    </designation>
    <designation>
      <language value="de"/>
      <value value="Neonatologie"/>
    </designation>
  </concept>
  <concept>
    <code value="deptnephrology"/>
    <display value="nephrology"/>
    <designation>
      <language value="en"/>
      <value value="nephrology"/>
    </designation>
    <designation>
      <language value="nl-BE"/>
      <value value="nefrologie"/>
    </designation>
    <designation>
      <language value="fr-BE"/>
      <value value="n&#xE9;phrologie"/>
    </designation>
    <designation>
      <language value="de"/>
      <value value="Nephrologie"/>
    </designation>
  </concept>
  <concept>
    <code value="deptneurology"/>
    <display value="neurology"/>
    <designation>
      <language value="en"/>
      <value value="neurology"/>
    </designation>
    <designation>
      <language value="nl-BE"/>
      <value value="neurologie"/>
    </designation>
    <designation>
      <language value="fr-BE"/>
      <value value="neurologie"/>
    </designation>
    <designation>
      <language value="de"/>
      <value value="Neurologie"/>
    </designation>
  </concept>
  <concept>
    <code value="deptnte"/>
    <display value="nose-throat-ear"/>
    <designation>
      <language value="en"/>
      <value value="nose-throat-ear"/>
    </designation>
    <designation>
      <language value="nl-BE"/>
      <value value="oto-rhino-laryngologie"/>
    </designation>
    <designation>
      <language value="fr-BE"/>
      <value value="oto-rhino-laryngologie"/>
    </designation>
    <designation>
      <language value="de"/>
      <value value="Otorhinolaryngologie"/>
    </designation>
  </concept>
  <concept>
    <code value="deptnuclear"/>
    <display value="nuclear"/>
    <designation>
      <language value="en"/>
      <value value="nuclear"/>
    </designation>
    <designation>
      <language value="nl-BE"/>
      <value value="nucleaire geneeskunde"/>
    </designation>
    <designation>
      <language value="fr-BE"/>
      <value value="m&#xE9;decine nucl&#xE9;aire"/>
    </designation>
    <designation>
      <language value="de"/>
      <value value="Nuklearmedizin"/>
    </designation>
  </concept>
  <concept>
    <code value="deptoncology"/>
    <display value="oncology"/>
    <designation>
      <language value="en"/>
      <value value="oncology"/>
    </designation>
    <designation>
      <language value="nl-BE"/>
      <value value="oncologie"/>
    </designation>
    <designation>
      <language value="fr-BE"/>
      <value value="oncologie"/>
    </designation>
    <designation>
      <language value="de"/>
      <value value="Onkologie"/>
    </designation>
  </concept>
  <concept>
    <code value="deptophtalmology"/>
    <display value="ophtalmology"/>
    <designation>
      <language value="en"/>
      <value value="ophtalmology"/>
    </designation>
    <designation>
      <language value="nl-BE"/>
      <value value="oftalmologie"/>
    </designation>
    <designation>
      <language value="fr-BE"/>
      <value value="ophtalmologie"/>
    </designation>
    <designation>
      <language value="de"/>
      <value value="Augenheilkunde"/>
    </designation>
  </concept>
  <concept>
    <code value="deptpediatry"/>
    <display value="pediatry"/>
    <designation>
      <language value="en"/>
      <value value="pediatry"/>
    </designation>
    <designation>
      <language value="nl-BE"/>
      <value value="pediatrie"/>
    </designation>
    <designation>
      <language value="fr-BE"/>
      <value value="p&#xE9;diatrie"/>
    </designation>
    <designation>
      <language value="de"/>
      <value value="P&#xE4;diatrie"/>
    </designation>
  </concept>
  <concept>
    <code value="deptpharmacy"/>
    <display value="Pharmacy service or department within an organisation"/>
    <designation>
      <language value="en"/>
      <value value="Pharmacy service or department within an organisation"/>
    </designation>
    <designation>
      <language value="nl-BE"/>
      <value value="Apotheekdienst of -afdeling binnen een organisatie"/>
    </designation>
    <designation>
      <language value="fr-BE"/>
      <value value="Service / D&#xE9;partement pharmacie au sein d&#39;une organisation"/>
    </designation>
    <designation>
      <language value="de"/>
      <value value="Pharmazie Dienst/Abteilung in einer Organisation"/>
    </designation>
  </concept>
  <concept>
    <code value="deptphysiotherapy"/>
    <display value="physiotherapy"/>
    <designation>
      <language value="en"/>
      <value value="physiotherapy"/>
    </designation>
    <designation>
      <language value="nl-BE"/>
      <value value="fysiotherapie"/>
    </designation>
    <designation>
      <language value="fr-BE"/>
      <value value="physioth&#xE9;rapie"/>
    </designation>
    <designation>
      <language value="de"/>
      <value value="Physiotherapie"/>
    </designation>
  </concept>
  <concept>
    <code value="deptpneumology"/>
    <display value="pneumology"/>
    <designation>
      <language value="en"/>
      <value value="pneumology"/>
    </designation>
    <designation>
      <language value="nl-BE"/>
      <value value="pulmonologie"/>
    </designation>
    <designation>
      <language value="fr-BE"/>
      <value value="pneumologie"/>
    </designation>
    <designation>
      <language value="de"/>
      <value value="Pulmonologie"/>
    </designation>
  </concept>
  <concept>
    <code value="deptpsychiatry"/>
    <display value="psychiatry"/>
    <designation>
      <language value="en"/>
      <value value="psychiatry"/>
    </designation>
    <designation>
      <language value="nl-BE"/>
      <value value="psychiatrie"/>
    </designation>
    <designation>
      <language value="fr-BE"/>
      <value value="psychiatrie"/>
    </designation>
    <designation>
      <language value="de"/>
      <value value="Psychiatrie"/>
    </designation>
  </concept>
  <concept>
    <code value="deptradiology"/>
    <display value="radiology"/>
    <designation>
      <language value="en"/>
      <value value="radiology"/>
    </designation>
    <designation>
      <language value="nl-BE"/>
      <value value="radiologie"/>
    </designation>
    <designation>
      <language value="fr-BE"/>
      <value value="radiologie"/>
    </designation>
    <designation>
      <language value="de"/>
      <value value="Radiologie"/>
    </designation>
  </concept>
  <concept>
    <code value="deptradiotherapy"/>
    <display value="radiotherapy"/>
    <designation>
      <language value="en"/>
      <value value="radiotherapy"/>
    </designation>
    <designation>
      <language value="nl-BE"/>
      <value value="radiotherapie"/>
    </designation>
    <designation>
      <language value="fr-BE"/>
      <value value="radioth&#xE9;rapie"/>
    </designation>
    <designation>
      <language value="de"/>
      <value value="Strahlentherapie"/>
    </designation>
  </concept>
  <concept>
    <code value="deptrhumatology (deprecated)"/>
    <display value="rhumatology"/>
    <designation>
      <language value="en"/>
      <value value="rhumatology"/>
    </designation>
    <designation>
      <language value="nl-BE"/>
      <value value="reumatologie"/>
    </designation>
    <designation>
      <language value="fr-BE"/>
      <value value="rhumatologie"/>
    </designation>
    <designation>
      <language value="de"/>
      <value value="Rheumatologie"/>
    </designation>
  </concept>
  <concept>
    <code value="deptstomatology"/>
    <display value="stomatology"/>
    <designation>
      <language value="en"/>
      <value value="stomatology"/>
    </designation>
    <designation>
      <language value="nl-BE"/>
      <value value="stomatologie"/>
    </designation>
    <designation>
      <language value="fr-BE"/>
      <value value="stomatologie"/>
    </designation>
    <designation>
      <language value="de"/>
      <value value="Stomatologie"/>
    </designation>
  </concept>
  <concept>
    <code value="deptsurgery"/>
    <display value="surgery"/>
    <designation>
      <language value="en"/>
      <value value="surgery"/>
    </designation>
    <designation>
      <language value="nl-BE"/>
      <value value="chirurgie"/>
    </designation>
    <designation>
      <language value="fr-BE"/>
      <value value="chirurgie"/>
    </designation>
    <designation>
      <language value="de"/>
      <value value="Chirurgie"/>
    </designation>
  </concept>
  <concept>
    <code value="depttoxicology"/>
    <display value="toxicology"/>
    <designation>
      <language value="en"/>
      <value value="toxicology"/>
    </designation>
    <designation>
      <language value="nl-BE"/>
      <value value="toxicologie"/>
    </designation>
    <designation>
      <language value="fr-BE"/>
      <value value="toxicologie"/>
    </designation>
    <designation>
      <language value="de"/>
      <value value="Toxikologie"/>
    </designation>
  </concept>
  <concept>
    <code value="depturology"/>
    <display value="urology"/>
    <designation>
      <language value="en"/>
      <value value="urology"/>
    </designation>
    <designation>
      <language value="nl-BE"/>
      <value value="urologie"/>
    </designation>
    <designation>
      <language value="fr-BE"/>
      <value value="urologie"/>
    </designation>
    <designation>
      <language value="de"/>
      <value value="Urologie"/>
    </designation>
  </concept>
  <concept>
    <code value="orghospital"/>
    <display value="hospital"/>
    <designation>
      <language value="en"/>
      <value value="hospital"/>
    </designation>
    <designation>
      <language value="nl-BE"/>
      <value value="ziekenhuis"/>
    </designation>
    <designation>
      <language value="fr-BE"/>
      <value value="h&#xF4;pital"/>
    </designation>
    <designation>
      <language value="de"/>
      <value value="Krankenhaus"/>
    </designation>
  </concept>
  <concept>
    <code value="orginsurance"/>
    <display value="insurance"/>
    <designation>
      <language value="en"/>
      <value value="insurance"/>
    </designation>
    <designation>
      <language value="nl-BE"/>
      <value value="verzekering"/>
    </designation>
    <designation>
      <language value="fr-BE"/>
      <value value="assurance"/>
    </designation>
    <designation>
      <language value="de"/>
      <value value="Versicherung"/>
    </designation>
  </concept>
  <concept>
    <code value="orglaboratory"/>
    <display value="Independent laboratory"/>
    <designation>
      <language value="en"/>
      <value value="Independent laboratory"/>
    </designation>
    <designation>
      <language value="nl-BE"/>
      <value value="Onafhankelijk laboratorium"/>
    </designation>
    <designation>
      <language value="fr-BE"/>
      <value value="laboratoire ind&#xE9;pendant"/>
    </designation>
    <designation>
      <language value="de"/>
      <value value="Unabh&#xE4;ngiges Laboratorium"/>
    </designation>
  </concept>
  <concept>
    <code value="orgpublichealth"/>
    <display value="public health organisation"/>
    <designation>
      <language value="en"/>
      <value value="public health organisation"/>
    </designation>
    <designation>
      <language value="nl-BE"/>
      <value value="openbare gezondheidsdienst"/>
    </designation>
    <designation>
      <language value="fr-BE"/>
      <value value="service public de sant&#xE9;"/>
    </designation>
    <designation>
      <language value="de"/>
      <value value="Gesundheitsbeh&#xF6;rde"/>
    </designation>
  </concept>
  <concept>
    <code value="persbiologist"/>
    <display value="medical laboratory technician"/>
    <designation>
      <language value="en"/>
      <value value="medical laboratory technician"/>
    </designation>
    <designation>
      <language value="nl-BE"/>
      <value value="medisch laboratoriumtechnoloog"/>
    </designation>
    <designation>
      <language value="fr-BE"/>
      <value value="technicien de laboratoire m&#xE9;dical"/>
    </designation>
    <designation>
      <language value="de"/>
      <value value="medizinischer Labortechniker"/>
    </designation>
  </concept>
  <concept>
    <code value="persdentist"/>
    <display value="dentist"/>
    <designation>
      <language value="en"/>
      <value value="dentist"/>
    </designation>
    <designation>
      <language value="nl-BE"/>
      <value value="tandarts"/>
    </designation>
    <designation>
      <language value="fr-BE"/>
      <value value="dentiste"/>
    </designation>
    <designation>
      <language value="de"/>
      <value value="Zahnarzt"/>
    </designation>
  </concept>
  <concept>
    <code value="persnurse"/>
    <display value="nurse"/>
    <designation>
      <language value="en"/>
      <value value="nurse"/>
    </designation>
    <designation>
      <language value="nl-BE"/>
      <value value="verpleegkundige"/>
    </designation>
    <designation>
      <language value="fr-BE"/>
      <value value="infirmier"/>
    </designation>
    <designation>
      <language value="de"/>
      <value value="Krankenpfleger/in"/>
    </designation>
  </concept>
  <concept>
    <code value="persparamedical"/>
    <display value="paramedical"/>
    <designation>
      <language value="en"/>
      <value value="paramedical"/>
    </designation>
    <designation>
      <language value="nl-BE"/>
      <value value="paramedisch personeel"/>
    </designation>
    <designation>
      <language value="fr-BE"/>
      <value value="personnel param&#xE9;dical"/>
    </designation>
    <designation>
      <language value="de"/>
      <value value="medizinisches Hilfspersonal"/>
    </designation>
  </concept>
  <concept>
    <code value="perspharmacist"/>
    <display value="pharmacist"/>
    <designation>
      <language value="en"/>
      <value value="pharmacist"/>
    </designation>
    <designation>
      <language value="nl-BE"/>
      <value value="apotheker"/>
    </designation>
    <designation>
      <language value="fr-BE"/>
      <value value="pharmacien"/>
    </designation>
    <designation>
      <language value="de"/>
      <value value="Apotheker"/>
    </designation>
  </concept>
  <concept>
    <code value="persphysician"/>
    <display value="physician"/>
    <designation>
      <language value="en"/>
      <value value="physician"/>
    </designation>
    <designation>
      <language value="nl-BE"/>
      <value value="arts"/>
    </designation>
    <designation>
      <language value="fr-BE"/>
      <value value="m&#xE9;decin"/>
    </designation>
    <designation>
      <language value="de"/>
      <value value="Arzt"/>
    </designation>
  </concept>
  <concept>
    <code value="perssocialworker"/>
    <display value="social worker"/>
    <designation>
      <language value="en"/>
      <value value="social worker"/>
    </designation>
    <designation>
      <language value="nl-BE"/>
      <value value="maatschappelijk werker"/>
    </designation>
    <designation>
      <language value="fr-BE"/>
      <value value="travailleur social"/>
    </designation>
    <designation>
      <language value="de"/>
      <value value="Sozialarbeiter"/>
    </designation>
  </concept>
  <concept>
    <code value="perstechnician"/>
    <display value="Medical Imaging Technician"/>
    <designation>
      <language value="en"/>
      <value value="Medical Imaging Technician"/>
    </designation>
    <designation>
      <language value="nl-BE"/>
      <value value="Technicus medische beeldvorming"/>
    </designation>
    <designation>
      <language value="fr-BE"/>
      <value value="Technicien d&#39;imagerie m&#xE9;dicale"/>
    </designation>
    <designation>
      <language value="de"/>
      <value value="medizinische Bildgebung Techniker"/>
    </designation>
  </concept>
  <concept>
    <code value="persadministrative"/>
    <display value="administrative"/>
    <designation>
      <language value="en"/>
      <value value="administrative"/>
    </designation>
    <designation>
      <language value="nl-BE"/>
      <value value="administratieve medewerker"/>
    </designation>
    <designation>
      <language value="fr-BE"/>
      <value value="personnel admistratif"/>
    </designation>
    <designation>
      <language value="de"/>
      <value value="B&#xFC;roangestellte(r)"/>
    </designation>
  </concept>
  <concept>
    <code value="persmidwife"/>
    <display value="midwife"/>
    <designation>
      <language value="en"/>
      <value value="midwife"/>
    </designation>
    <designation>
      <language value="nl-BE"/>
      <value value="vroedvrouw"/>
    </designation>
    <designation>
      <language value="fr-BE"/>
      <value value="sage-femme"/>
    </designation>
    <designation>
      <language value="de"/>
      <value value="Hebamme"/>
    </designation>
  </concept>
  <concept>
    <code value="application"/>
    <display value="software application"/>
    <designation>
      <language value="en"/>
      <value value="software application"/>
    </designation>
    <designation>
      <language value="nl-BE"/>
      <value value="softwaretoepassing"/>
    </designation>
    <designation>
      <language value="fr-BE"/>
      <value value="application logicielle"/>
    </designation>
    <designation>
      <language value="de"/>
      <value value="Softwareapplikation"/>
    </designation>
  </concept>
  <concept>
    <code value="deptorthopedy"/>
    <display value="orthopedy"/>
    <designation>
      <language value="en"/>
      <value value="orthopedy"/>
    </designation>
    <designation>
      <language value="nl-BE"/>
      <value value="orthopedie"/>
    </designation>
    <designation>
      <language value="fr-BE"/>
      <value value="orthop&#xE9;die"/>
    </designation>
    <designation>
      <language value="de"/>
      <value value="Orthop&#xE4;die"/>
    </designation>
  </concept>
  <concept>
    <code value="orgpractice"/>
    <display value="practice organisation"/>
    <designation>
      <language value="en"/>
      <value value="practice organisation"/>
    </designation>
    <designation>
      <language value="nl-BE"/>
      <value value="praktijk"/>
    </designation>
    <designation>
      <language value="fr-BE"/>
      <value value="cabinet"/>
    </designation>
    <designation>
      <language value="de"/>
      <value value="Praxis"/>
    </designation>
  </concept>
  <concept>
    <code value="orgpharmacy"/>
    <display value="Independent pharmacy"/>
    <designation>
      <language value="en"/>
      <value value="Independent pharmacy"/>
    </designation>
    <designation>
      <language value="nl-BE"/>
      <value value="Onafhankelijke apotheek"/>
    </designation>
    <designation>
      <language value="fr-BE"/>
      <value value="Pharmacie ind&#xE9;pendante"/>
    </designation>
    <designation>
      <language value="de"/>
      <value value="Unabh&#xE4;ngige Apotheke"/>
    </designation>
  </concept>
  <concept>
    <code value="deptalgology"/>
    <display value="algology"/>
    <designation>
      <language value="en"/>
      <value value="algology"/>
    </designation>
    <designation>
      <language value="nl-BE"/>
      <value value="algologie"/>
    </designation>
    <designation>
      <language value="fr-BE"/>
      <value value="algologie"/>
    </designation>
    <designation>
      <language value="de"/>
      <value value="Algologie"/>
    </designation>
  </concept>
  <concept>
    <code value="deptcardiacsurgery"/>
    <display value="cardiac surgery"/>
    <designation>
      <language value="en"/>
      <value value="cardiac surgery"/>
    </designation>
    <designation>
      <language value="nl-BE"/>
      <value value="hartchirurgie"/>
    </designation>
    <designation>
      <language value="fr-BE"/>
      <value value="chirurgie cardiaque"/>
    </designation>
    <designation>
      <language value="de"/>
      <value value="Herzchirurgie"/>
    </designation>
  </concept>
  <concept>
    <code value="depthandsurgery"/>
    <display value="hand surgery"/>
    <designation>
      <language value="en"/>
      <value value="hand surgery"/>
    </designation>
    <designation>
      <language value="nl-BE"/>
      <value value="handchirurgie"/>
    </designation>
    <designation>
      <language value="fr-BE"/>
      <value value="chirurgie de la main"/>
    </designation>
    <designation>
      <language value="de"/>
      <value value="Handchirurgie"/>
    </designation>
  </concept>
  <concept>
    <code value="deptmaxillofacialsurgery"/>
    <display value="maxillofacial surgery"/>
    <designation>
      <language value="en"/>
      <value value="maxillofacial surgery"/>
    </designation>
    <designation>
      <language value="nl-BE"/>
      <value value="mond-, kaak- en aangezichtschirurgie"/>
    </designation>
    <designation>
      <language value="fr-BE"/>
      <value value="chirurgie maxillofaciale"/>
    </designation>
    <designation>
      <language value="de"/>
      <value value="Mund-Kiefer-Gesichtschirurgie"/>
    </designation>
  </concept>
  <concept>
    <code value="deptpediatricsurgery"/>
    <display value="pediatric surgery"/>
    <designation>
      <language value="en"/>
      <value value="pediatric surgery"/>
    </designation>
    <designation>
      <language value="nl-BE"/>
      <value value="kinderchirurgie"/>
    </designation>
    <designation>
      <language value="fr-BE"/>
      <value value="chirurgie p&#xE9;diatrique"/>
    </designation>
    <designation>
      <language value="de"/>
      <value value="Kinderchirurgie"/>
    </designation>
  </concept>
  <concept>
    <code value="deptplasticandreparatorysurgery"/>
    <display value="plastic and reparatory surgery"/>
    <designation>
      <language value="en"/>
      <value value="plastic and reparatory surgery"/>
    </designation>
    <designation>
      <language value="nl-BE"/>
      <value value="plastische en reconstructieve chirurgie"/>
    </designation>
    <designation>
      <language value="fr-BE"/>
      <value value="chirurgie esth&#xE9;tique et r&#xE9;paratrice"/>
    </designation>
    <designation>
      <language value="de"/>
      <value value="plastische Chirurgie und Reparaturchirurgie"/>
    </designation>
  </concept>
  <concept>
    <code value="deptthoracicsurgery"/>
    <display value="thoracic surgery"/>
    <designation>
      <language value="en"/>
      <value value="thoracic surgery"/>
    </designation>
    <designation>
      <language value="nl-BE"/>
      <value value="thoraxchirurgie"/>
    </designation>
    <designation>
      <language value="fr-BE"/>
      <value value="chirurgie thoracique"/>
    </designation>
    <designation>
      <language value="de"/>
      <value value="Thoraxchirurgie"/>
    </designation>
  </concept>
  <concept>
    <code value="deptvascularsurgery"/>
    <display value="vascular surgery"/>
    <designation>
      <language value="en"/>
      <value value="vascular surgery"/>
    </designation>
    <designation>
      <language value="nl-BE"/>
      <value value="vasculaire chirurgie"/>
    </designation>
    <designation>
      <language value="fr-BE"/>
      <value value="chirurgie vasculaire"/>
    </designation>
    <designation>
      <language value="de"/>
      <value value="Vaskul&#xE4;re Chirurgie"/>
    </designation>
  </concept>
  <concept>
    <code value="deptvisceraldigestiveabdominalsurgery"/>
    <display value="visceral digestive abdominal surgery"/>
    <designation>
      <language value="en"/>
      <value value="visceral digestive abdominal surgery"/>
    </designation>
    <designation>
      <language value="nl-BE"/>
      <value value="digestieve/viscerale chirurgie/buikchirurgie"/>
    </designation>
    <designation>
      <language value="fr-BE"/>
      <value value="chirurgie abdominale, digestive et visc&#xE9;rale"/>
    </designation>
    <designation>
      <language value="de"/>
      <value value="Viszeralchirurgie/Abdominalchirurgie/Bauchchirurgie"/>
    </designation>
  </concept>
  <concept>
    <code value="deptdentistry"/>
    <display value="dentistry"/>
    <designation>
      <language value="en"/>
      <value value="dentistry"/>
    </designation>
    <designation>
      <language value="nl-BE"/>
      <value value="tandheelkunde"/>
    </designation>
    <designation>
      <language value="fr-BE"/>
      <value value="dentisterie"/>
    </designation>
    <designation>
      <language value="de"/>
      <value value="Zahnheilkunde"/>
    </designation>
  </concept>
  <concept>
    <code value="deptdiabetology"/>
    <display value="diabetology"/>
    <designation>
      <language value="en"/>
      <value value="diabetology"/>
    </designation>
    <designation>
      <language value="nl-BE"/>
      <value value="diabetologie"/>
    </designation>
    <designation>
      <language value="fr-BE"/>
      <value value="diab&#xE9;tologie"/>
    </designation>
    <designation>
      <language value="de"/>
      <value value="Diabetologie"/>
    </designation>
  </concept>
  <concept>
    <code value="deptendocrinology"/>
    <display value="endocrinology"/>
    <designation>
      <language value="en"/>
      <value value="endocrinology"/>
    </designation>
    <designation>
      <language value="nl-BE"/>
      <value value="endocrinologie/hormonenleer"/>
    </designation>
    <designation>
      <language value="fr-BE"/>
      <value value="endocrinologie"/>
    </designation>
    <designation>
      <language value="de"/>
      <value value="Endokrinologie"/>
    </designation>
  </concept>
  <concept>
    <code value="deptoccupationaltherapy"/>
    <display value="occupational therapy"/>
    <designation>
      <language value="en"/>
      <value value="occupational therapy"/>
    </designation>
    <designation>
      <language value="nl-BE"/>
      <value value="ergotherapie"/>
    </designation>
    <designation>
      <language value="fr-BE"/>
      <value value="ergoth&#xE9;rapie"/>
    </designation>
    <designation>
      <language value="de"/>
      <value value="Ergotherapie"/>
    </designation>
  </concept>
  <concept>
    <code value="deptmajorburns"/>
    <display value="major burns"/>
    <designation>
      <language value="en"/>
      <value value="major burns"/>
    </designation>
    <designation>
      <language value="nl-BE"/>
      <value value="brandwondencentrum"/>
    </designation>
    <designation>
      <language value="fr-BE"/>
      <value value="grands br&#xFB;l&#xE9;s"/>
    </designation>
    <designation>
      <language value="de"/>
      <value value="Zentrum f&#xFC;r Schwerbrandverletzte"/>
    </designation>
  </concept>
  <concept>
    <code value="deptinfectiousdisease"/>
    <display value="infectious disease"/>
    <designation>
      <language value="en"/>
      <value value="infectious disease"/>
    </designation>
    <designation>
      <language value="nl-BE"/>
      <value value="infectieziekte"/>
    </designation>
    <designation>
      <language value="fr-BE"/>
      <value value="maladie infectieuse"/>
    </designation>
    <designation>
      <language value="de"/>
      <value value="Infektionskrankheit"/>
    </designation>
  </concept>
  <concept>
    <code value="deptspeechtherapy"/>
    <display value="speech therapy"/>
    <designation>
      <language value="en"/>
      <value value="speech therapy"/>
    </designation>
    <designation>
      <language value="nl-BE"/>
      <value value="logopedie"/>
    </designation>
    <designation>
      <language value="fr-BE"/>
      <value value="logop&#xE9;die"/>
    </designation>
    <designation>
      <language value="de"/>
      <value value="Sprachtherapie"/>
    </designation>
  </concept>
  <concept>
    <code value="deptsportsmedecine"/>
    <display value="sports medecine"/>
    <designation>
      <language value="en"/>
      <value value="sports medecine"/>
    </designation>
    <designation>
      <language value="nl-BE"/>
      <value value="sportgeneeskunde"/>
    </designation>
    <designation>
      <language value="fr-BE"/>
      <value value="m&#xE9;decine des sports"/>
    </designation>
    <designation>
      <language value="de"/>
      <value value="Sportmedizin"/>
    </designation>
  </concept>
  <concept>
    <code value="deptphysicalmedecine"/>
    <display value="physical medecine"/>
    <designation>
      <language value="en"/>
      <value value="physical medecine"/>
    </designation>
    <designation>
      <language value="nl-BE"/>
      <value value="fysische geneeskunde"/>
    </designation>
    <designation>
      <language value="fr-BE"/>
      <value value="m&#xE9;decine physique"/>
    </designation>
    <designation>
      <language value="de"/>
      <value value="physikalische Medizin"/>
    </designation>
  </concept>
  <concept>
    <code value="depttropicalmedecine"/>
    <display value="tropical medecine"/>
    <designation>
      <language value="en"/>
      <value value="tropical medecine"/>
    </designation>
    <designation>
      <language value="nl-BE"/>
      <value value="tropische geneeskunde"/>
    </designation>
    <designation>
      <language value="fr-BE"/>
      <value value="m&#xE9;decine tropicale"/>
    </designation>
    <designation>
      <language value="de"/>
      <value value="Tropenmedizin"/>
    </designation>
  </concept>
  <concept>
    <code value="deptneurosurgery"/>
    <display value="neuro surgery"/>
    <designation>
      <language value="en"/>
      <value value="neuro surgery"/>
    </designation>
    <designation>
      <language value="nl-BE"/>
      <value value="neurologie"/>
    </designation>
    <designation>
      <language value="fr-BE"/>
      <value value="neurologie"/>
    </designation>
    <designation>
      <language value="de"/>
      <value value="Neurologie"/>
    </designation>
  </concept>
  <concept>
    <code value="deptnutritiondietetics"/>
    <display value="nutrition dietetics"/>
    <designation>
      <language value="en"/>
      <value value="nutrition dietetics"/>
    </designation>
    <designation>
      <language value="nl-BE"/>
      <value value="di&#xEB;tetiek"/>
    </designation>
    <designation>
      <language value="fr-BE"/>
      <value value="di&#xE9;t&#xE9;tique nutritionnelle"/>
    </designation>
    <designation>
      <language value="de"/>
      <value value="Di&#xE4;tetik"/>
    </designation>
  </concept>
  <concept>
    <code value="deptobstetrics"/>
    <display value="obstetrics"/>
    <designation>
      <language value="en"/>
      <value value="obstetrics"/>
    </designation>
    <designation>
      <language value="nl-BE"/>
      <value value="verloskunde"/>
    </designation>
    <designation>
      <language value="fr-BE"/>
      <value value="obst&#xE9;trique"/>
    </designation>
    <designation>
      <language value="de"/>
      <value value="Geburtshilfe"/>
    </designation>
  </concept>
  <concept>
    <code value="deptchildandadolescentpsychiatry"/>
    <display value="child and adolescent psychiatry"/>
    <designation>
      <language value="en"/>
      <value value="child and adolescent psychiatry"/>
    </designation>
    <designation>
      <language value="nl-BE"/>
      <value value="kinder- en jeugdpsychiatrie"/>
    </designation>
    <designation>
      <language value="fr-BE"/>
      <value value="psychiatrie de l&#39;enfant et de l&#39;adolescent"/>
    </designation>
    <designation>
      <language value="de"/>
      <value value="Kinder-und Jugendpsychologie"/>
    </designation>
  </concept>
  <concept>
    <code value="deptpodiatry"/>
    <display value="podiatry"/>
    <designation>
      <language value="en"/>
      <value value="podiatry"/>
    </designation>
    <designation>
      <language value="nl-BE"/>
      <value value="podiatrie"/>
    </designation>
    <designation>
      <language value="fr-BE"/>
      <value value="podiatrie"/>
    </designation>
    <designation>
      <language value="de"/>
      <value value="Podiatrie"/>
    </designation>
  </concept>
  <concept>
    <code value="deptpsychology"/>
    <display value="psychology"/>
    <designation>
      <language value="en"/>
      <value value="psychology"/>
    </designation>
    <designation>
      <language value="nl-BE"/>
      <value value="psychologie"/>
    </designation>
    <designation>
      <language value="fr-BE"/>
      <value value="psychologie"/>
    </designation>
    <designation>
      <language value="de"/>
      <value value="Psychologie"/>
    </designation>
  </concept>
  <concept>
    <code value="deptrevalidation"/>
    <display value="revalidation"/>
    <designation>
      <language value="en"/>
      <value value="revalidation"/>
    </designation>
    <designation>
      <language value="nl-BE"/>
      <value value="revalidatie"/>
    </designation>
    <designation>
      <language value="fr-BE"/>
      <value value="r&#xE9;&#xE9;ducation"/>
    </designation>
    <designation>
      <language value="de"/>
      <value value="Rehabilitation"/>
    </designation>
  </concept>
  <concept>
    <code value="deptsenology"/>
    <display value="senology"/>
    <designation>
      <language value="en"/>
      <value value="senology"/>
    </designation>
    <designation>
      <language value="nl-BE"/>
      <value value="senologie"/>
    </designation>
    <designation>
      <language value="fr-BE"/>
      <value value="s&#xE9;nologie"/>
    </designation>
    <designation>
      <language value="de"/>
      <value value="Senologie"/>
    </designation>
  </concept>
  <concept>
    <code value="deptsocialservice"/>
    <display value="social service"/>
    <designation>
      <language value="en"/>
      <value value="social service"/>
    </designation>
    <designation>
      <language value="nl-BE"/>
      <value value="sociale dienst"/>
    </designation>
    <designation>
      <language value="fr-BE"/>
      <value value="service social"/>
    </designation>
    <designation>
      <language value="de"/>
      <value value="Sozialdienst"/>
    </designation>
  </concept>
  <concept>
    <code value="deptpediatricintensivecare"/>
    <display value="pediatric intensive care"/>
    <designation>
      <language value="en"/>
      <value value="pediatric intensive care"/>
    </designation>
    <designation>
      <language value="nl-BE"/>
      <value value="intensieve zorg voor kinderen"/>
    </designation>
    <designation>
      <language value="fr-BE"/>
      <value value="soins intensifs p&#xE9;diatriques"/>
    </designation>
    <designation>
      <language value="de"/>
      <value value="Intensivpflege f&#xFC;r Kinder"/>
    </designation>
  </concept>
  <concept>
    <code value="deptpalliativecare"/>
    <display value="palliative care"/>
    <designation>
      <language value="en"/>
      <value value="palliative care"/>
    </designation>
    <designation>
      <language value="nl-BE"/>
      <value value="palliatieve zorg"/>
    </designation>
    <designation>
      <language value="fr-BE"/>
      <value value="soins palliatifs"/>
    </designation>
    <designation>
      <language value="de"/>
      <value value="Palliativpflege"/>
    </designation>
  </concept>
  <concept>
    <code value="deptrheumatology"/>
    <display value="rheumatology"/>
    <designation>
      <language value="en"/>
      <value value="rheumatology"/>
    </designation>
    <designation>
      <language value="nl-BE"/>
      <value value="reumatologie"/>
    </designation>
    <designation>
      <language value="fr-BE"/>
      <value value="rhumatologie"/>
    </designation>
    <designation>
      <language value="de"/>
      <value value="Rheumatologie"/>
    </designation>
  </concept>
  <concept>
    <code value="persambulancefirstaid"/>
    <display value="ambulance first aid"/>
    <designation>
      <language value="en"/>
      <value value="ambulance first aid"/>
    </designation>
    <designation>
      <language value="nl-BE"/>
      <value value="ambulance eerste hulp"/>
    </designation>
    <designation>
      <language value="fr-BE"/>
      <value value="ambulance premier secours"/>
    </designation>
    <designation>
      <language value="de"/>
      <value value="Krankenwagen erste Hilfe"/>
    </designation>
  </concept>
  <concept>
    <code value="persaudician"/>
    <display value="audician"/>
    <designation>
      <language value="en"/>
      <value value="audician"/>
    </designation>
    <designation>
      <language value="nl-BE"/>
      <value value="audicien"/>
    </designation>
    <designation>
      <language value="fr-BE"/>
      <value value="audicien"/>
    </designation>
    <designation>
      <language value="de"/>
      <value value="H&#xF6;rger&#xE4;teakustiker"/>
    </designation>
  </concept>
  <concept>
    <code value="persaudiologist"/>
    <display value="audiologist"/>
    <designation>
      <language value="en"/>
      <value value="audiologist"/>
    </designation>
    <designation>
      <language value="nl-BE"/>
      <value value="audioloog"/>
    </designation>
    <designation>
      <language value="fr-BE"/>
      <value value="audiologue"/>
    </designation>
    <designation>
      <language value="de"/>
      <value value="Audiologe"/>
    </designation>
  </concept>
  <concept>
    <code value="perscaregiver"/>
    <display value="caregiver"/>
    <designation>
      <language value="en"/>
      <value value="caregiver"/>
    </designation>
    <designation>
      <language value="nl-BE"/>
      <value value="mantelzorger"/>
    </designation>
    <designation>
      <language value="fr-BE"/>
      <value value="soignant informel"/>
    </designation>
    <designation>
      <language value="de"/>
      <value value="Pflegeperson"/>
    </designation>
  </concept>
  <concept>
    <code value="persdietician"/>
    <display value="dietician"/>
    <designation>
      <language value="en"/>
      <value value="dietician"/>
    </designation>
    <designation>
      <language value="nl-BE"/>
      <value value="dietist"/>
    </designation>
    <designation>
      <language value="fr-BE"/>
      <value value="di&#xE9;t&#xE9;ticien"/>
    </designation>
    <designation>
      <language value="de"/>
      <value value="Di&#xE4;tist"/>
    </designation>
  </concept>
  <concept>
    <code value="perseducator"/>
    <display value="educator"/>
    <designation>
      <language value="en"/>
      <value value="educator"/>
    </designation>
    <designation>
      <language value="nl-BE"/>
      <value value="opvoeder"/>
    </designation>
    <designation>
      <language value="fr-BE"/>
      <value value="&#xE9;ducateur"/>
    </designation>
    <designation>
      <language value="de"/>
      <value value="Erzieher"/>
    </designation>
  </concept>
  <concept>
    <code value="perslogopedist"/>
    <display value="logopedist"/>
    <designation>
      <language value="en"/>
      <value value="logopedist"/>
    </designation>
    <designation>
      <language value="nl-BE"/>
      <value value="logopedist"/>
    </designation>
    <designation>
      <language value="fr-BE"/>
      <value value="logop&#xE8;de"/>
    </designation>
    <designation>
      <language value="de"/>
      <value value="Logop&#xE4;de"/>
    </designation>
  </concept>
  <concept>
    <code value="persoccupationaltherapist"/>
    <display value="occupational therapist"/>
    <designation>
      <language value="en"/>
      <value value="occupational therapist"/>
    </designation>
    <designation>
      <language value="nl-BE"/>
      <value value="ergotherapeut"/>
    </designation>
    <designation>
      <language value="fr-BE"/>
      <value value="ergoth&#xE9;rapeute"/>
    </designation>
    <designation>
      <language value="de"/>
      <value value="Ergotherapeut"/>
    </designation>
  </concept>
  <concept>
    <code value="persorthopedist (deprecated)"/>
    <display value="orthopedist"/>
    <designation>
      <language value="en"/>
      <value value="orthopedist"/>
    </designation>
    <designation>
      <language value="nl-BE"/>
      <value value="orthopedist"/>
    </designation>
    <designation>
      <language value="fr-BE"/>
      <value value="orthop&#xE9;diste"/>
    </designation>
    <designation>
      <language value="de"/>
      <value value="Orthop&#xE4;dist"/>
    </designation>
  </concept>
  <concept>
    <code value="persorthoptist"/>
    <display value="orthoptist"/>
    <designation>
      <language value="en"/>
      <value value="orthoptist"/>
    </designation>
    <designation>
      <language value="nl-BE"/>
      <value value="orthoptist"/>
    </designation>
    <designation>
      <language value="fr-BE"/>
      <value value="orthoptiste"/>
    </designation>
    <designation>
      <language value="de"/>
      <value value="Orthoptist"/>
    </designation>
  </concept>
  <concept>
    <code value="persoptician"/>
    <display value="optician"/>
    <designation>
      <language value="en"/>
      <value value="optician"/>
    </designation>
    <designation>
      <language value="nl-BE"/>
      <value value="opticien"/>
    </designation>
    <designation>
      <language value="fr-BE"/>
      <value value="opticien"/>
    </designation>
    <designation>
      <language value="de"/>
      <value value="Optiker"/>
    </designation>
  </concept>
  <concept>
    <code value="perspharmacyassistant"/>
    <display value="pharmacy assistant"/>
    <designation>
      <language value="en"/>
      <value value="pharmacy assistant"/>
    </designation>
    <designation>
      <language value="nl-BE"/>
      <value value="apothekersassistent"/>
    </designation>
    <designation>
      <language value="fr-BE"/>
      <value value="assistant en pharmacie"/>
    </designation>
    <designation>
      <language value="de"/>
      <value value="Apothekenhelfer"/>
    </designation>
  </concept>
  <concept>
    <code value="persphysiotherapist"/>
    <display value="physiotherapist"/>
    <designation>
      <language value="en"/>
      <value value="physiotherapist"/>
    </designation>
    <designation>
      <language value="nl-BE"/>
      <value value="kinesitherapeut"/>
    </designation>
    <designation>
      <language value="fr-BE"/>
      <value value="kin&#xE9;sith&#xE9;rapeute"/>
    </designation>
    <designation>
      <language value="de"/>
      <value value="Krankengymnast"/>
    </designation>
  </concept>
  <concept>
    <code value="perspodologist"/>
    <display value="podologist"/>
    <designation>
      <language value="en"/>
      <value value="podologist"/>
    </designation>
    <designation>
      <language value="nl-BE"/>
      <value value="podologist"/>
    </designation>
    <designation>
      <language value="fr-BE"/>
      <value value="podologue"/>
    </designation>
    <designation>
      <language value="de"/>
      <value value="Podologe"/>
    </designation>
  </concept>
  <concept>
    <code value="perspracticalnurse"/>
    <display value="practical nurse"/>
    <designation>
      <language value="en"/>
      <value value="practical nurse"/>
    </designation>
    <designation>
      <language value="nl-BE"/>
      <value value="verzorgende"/>
    </designation>
    <designation>
      <language value="fr-BE"/>
      <value value="aide-soignante"/>
    </designation>
    <designation>
      <language value="de"/>
      <value value="Pfleger"/>
    </designation>
  </concept>
  <concept>
    <code value="perspsychologist"/>
    <display value="psychologist"/>
    <designation>
      <language value="en"/>
      <value value="psychologist"/>
    </designation>
    <designation>
      <language value="nl-BE"/>
      <value value="psycholoog"/>
    </designation>
    <designation>
      <language value="fr-BE"/>
      <value value="psychologue"/>
    </designation>
    <designation>
      <language value="de"/>
      <value value="Psychologe"/>
    </designation>
  </concept>
  <concept>
    <code value="orgprimaryhealthcarecenter"/>
    <display value="primary health care center"/>
    <designation>
      <language value="en"/>
      <value value="primary health care center"/>
    </designation>
    <designation>
      <language value="nl-BE"/>
      <value value="medisch huis"/>
    </designation>
    <designation>
      <language value="fr-BE"/>
      <value value="Maison m&#xE9;dicale"/>
    </designation>
    <designation>
      <language value="de"/>
      <value value="Gesundheitspflege der ersten Linie"/>
    </designation>
  </concept>
  <concept>
    <code value="guardpost"/>
    <display value="Guard post"/>
    <designation>
      <language value="en"/>
      <value value="Guard post"/>
    </designation>
    <designation>
      <language value="nl-BE"/>
      <value value="wachtpost"/>
    </designation>
    <designation>
      <language value="fr-BE"/>
      <value value="poste de garde"/>
    </designation>
    <designation>
      <language value="de"/>
      <value value="Wachposten"/>
    </designation>
  </concept>
  <concept>
    <code value="groupofphysicianssameaddress"/>
    <display value="Group of physicians same address"/>
    <designation>
      <language value="en"/>
      <value value="Group of physicians same address"/>
    </designation>
    <designation>
      <language value="nl-BE"/>
      <value value="groepering van artsen zelfde adres"/>
    </designation>
    <designation>
      <language value="fr-BE"/>
      <value value="regroupement de m&#xE9;decins m&#xEA;me adresse"/>
    </designation>
    <designation>
      <language value="de"/>
      <value value="Gruppierung von &#xC4;rzten gleiche Adresse"/>
    </designation>
  </concept>
  <concept>
    <code value="groupofphysiciansdifferentaddress"/>
    <display value="Group of physicians different address"/>
    <designation>
      <language value="en"/>
      <value value="Group of physicians different address"/>
    </designation>
    <designation>
      <language value="nl-BE"/>
      <value value="Groepering van artsen verschillend adres"/>
    </designation>
    <designation>
      <language value="fr-BE"/>
      <value value="Regroupement de m&#xE9;decins adresse diff&#xE9;rente"/>
    </designation>
    <designation>
      <language value="de"/>
      <value value="Gruppierung von &#xC4;rzten andere Adresse"/>
    </designation>
  </concept>
  <concept>
    <code value="groupofnurses"/>
    <display value="Group of nurses"/>
    <designation>
      <language value="en"/>
      <value value="Group of nurses"/>
    </designation>
    <designation>
      <language value="nl-BE"/>
      <value value="Groepering van verplegers"/>
    </designation>
    <designation>
      <language value="fr-BE"/>
      <value value="Regroupement d&#39;infirmiers"/>
    </designation>
    <designation>
      <language value="de"/>
      <value value="Krankenpflegeverein"/>
    </designation>
  </concept>
  <concept>
    <code value="certificateholder"/>
    <display value="Certificate holder"/>
    <designation>
      <language value="en"/>
      <value value="Certificate holder"/>
    </designation>
    <designation>
      <language value="nl-BE"/>
      <value value="Houder van certificaat"/>
    </designation>
    <designation>
      <language value="fr-BE"/>
      <value value="Titulaire du certificat"/>
    </designation>
    <designation>
      <language value="de"/>
      <value value="Zertifikatsinhaber"/>
    </designation>
  </concept>
  <concept>
    <code value="perstrussmaker"/>
    <display value="Truss maker"/>
    <designation>
      <language value="en"/>
      <value value="Truss maker"/>
    </designation>
    <designation>
      <language value="nl-BE"/>
      <value value="Bandagist"/>
    </designation>
    <designation>
      <language value="fr-BE"/>
      <value value="Bandagiste"/>
    </designation>
    <designation>
      <language value="de"/>
      <value value="Bandagist"/>
    </designation>
  </concept>
  <concept>
    <code value="patient"/>
    <display value="Patient"/>
    <designation>
      <language value="en"/>
      <value value="Patient"/>
    </designation>
    <designation>
      <language value="nl-BE"/>
      <value value="Patient"/>
    </designation>
    <designation>
      <language value="fr-BE"/>
      <value value="Patient"/>
    </designation>
    <designation>
      <language value="de"/>
      <value value="Patient"/>
    </designation>
  </concept>
  <concept>
    <code value="persorthotist"/>
    <display value="Orthotist"/>
    <designation>
      <language value="en"/>
      <value value="Orthotist"/>
    </designation>
    <designation>
      <language value="nl-BE"/>
      <value value="Orthopedische technieker"/>
    </designation>
    <designation>
      <language value="fr-BE"/>
      <value value="Orth&#xE9;siste/Proth&#xE9;siste"/>
    </designation>
    <designation>
      <language value="de"/>
      <value value="Orthop&#xE4;dietechniker"/>
    </designation>
  </concept>
  <concept>
    <code value="perspatientdriver"/>
    <display value="Patient driver (not urgent)"/>
    <designation>
      <language value="en"/>
      <value value="Patient driver (not urgent)"/>
    </designation>
    <designation>
      <language value="nl-BE"/>
      <value value="Ziekenvervoerder (niet urgent)"/>
    </designation>
    <designation>
      <language value="fr-BE"/>
      <value value="Transporteur de patient (non urgent)"/>
    </designation>
    <designation>
      <language value="de"/>
      <value value="Patientenfahrer (nicht dringend)"/>
    </designation>
  </concept>
  <concept>
    <code value="orgprevention"/>
    <display value="Prevention organisation"/>
    <designation>
      <language value="en"/>
      <value value="Prevention organisation"/>
    </designation>
    <designation>
      <language value="nl-BE"/>
      <value value="Preventiedienst"/>
    </designation>
    <designation>
      <language value="fr-BE"/>
      <value value="Service de p&#xE9;vention"/>
    </designation>
    <designation>
      <language value="de"/>
      <value value="Pr&#xE4;ventionsdienst"/>
    </designation>
  </concept>
  <concept>
    <code value="perspharmacistclinicalbiologist"/>
    <display value="pharmacist-clinical biologist"/>
    <designation>
      <language value="en"/>
      <value value="pharmacist-clinical biologist"/>
    </designation>
    <designation>
      <language value="nl-BE"/>
      <value value="apotheker-klinisch bioloog"/>
    </designation>
    <designation>
      <language value="fr-BE"/>
      <value value="pharmacien-biologiste clinicien"/>
    </designation>
    <designation>
      <language value="de"/>
      <value value="Apotheker-klinische Biologe"/>
    </designation>
  </concept>
  <concept>
    <code value="hub"/>
    <display value="hub"/>
    <designation>
      <language value="en"/>
      <value value="hub"/>
    </designation>
    <designation>
      <language value="nl-BE"/>
      <value value="hub"/>
    </designation>
    <designation>
      <language value="fr-BE"/>
      <value value="hub"/>
    </designation>
    <designation>
      <language value="de"/>
      <value value="hub"/>
    </designation>
  </concept>
  <concept>
    <code value="deptnursing"/>
    <display value="nursing"/>
    <designation>
      <language value="en"/>
      <value value="nursing"/>
    </designation>
    <designation>
      <language value="nl-BE"/>
      <value value="verpleegkunde"/>
    </designation>
    <designation>
      <language value="fr-BE"/>
      <value value="soins infirmiers"/>
    </designation>
    <designation>
      <language value="de"/>
      <value value="Krankenpflege"/>
    </designation>
  </concept>
  <concept>
    <code value="persoraldentalhygienist"/>
    <display value="Oral dental hygienist"/>
    <designation>
      <language value="en"/>
      <value value="Oral dental hygienist"/>
    </designation>
    <designation>
      <language value="nl-BE"/>
      <value value="Mondhygi&#xEB;nist"/>
    </designation>
    <designation>
      <language value="fr-BE"/>
      <value value="Hygi&#xE9;niste bucco-dentaire"/>
    </designation>
    <designation>
      <language value="de"/>
      <value value="Dentalhygieniker"/>
    </designation>
  </concept>
  <concept>
    <code value="persclinicalpsychologist"/>
    <display value="Clinical psychologist"/>
    <designation>
      <language value="en"/>
      <value value="Clinical psychologist"/>
    </designation>
    <designation>
      <language value="nl-BE"/>
      <value value="Klinisch psycholoog"/>
    </designation>
    <designation>
      <language value="fr-BE"/>
      <value value="Psychologue clinicien"/>
    </designation>
    <designation>
      <language value="de"/>
      <value value="Klinischer Psychologe"/>
    </designation>
  </concept>
  <concept>
    <code value="persclinicalorthopedagogist"/>
    <display value="Clinical orthopedagogist"/>
    <designation>
      <language value="en"/>
      <value value="Clinical orthopedagogist"/>
    </designation>
    <designation>
      <language value="nl-BE"/>
      <value value="Klinisch orthopedagoog"/>
    </designation>
    <designation>
      <language value="fr-BE"/>
      <value value="Orthop&#xE9;dagogue clinicien"/>
    </designation>
    <designation>
      <language value="de"/>
      <value value="Klinischer Orthop&#xE4;dagoge"/>
    </designation>
  </concept>
</CodeSystem>