{
  "resourceType": "Observation",
  "id": "observation2",
  "meta": {
    "profile": [
      "https://www.ehealth.fgov.be/standards/fhir/StructureDefinition/be-observation"
    ]
  },
  "text": {
    "status": "generated",
    "div": "<div xmlns=\"http://www.w3.org/1999/xhtml\"><p><b>Generated Narrative</b></p><p></p><p><b>category</b>: <span title=\"Codes: {http://terminology.hl7.org/CodeSystem/observation-category exam}\">Examination</span></p><p><b>code</b>: <span title=\"Codes: {http://snomed.info/sct 15188001:{363698007=89644007}}\">Hard of hearing left ear</span></p><p><b>subject</b>: <a href=\"Patient-patient1.html\">Generated Summary: Social Beneficiary Identifier: 79121137740 (OFFICIAL), Medical record number: 45XXP0PA-4 (USUAL); active; Josephine Nessa La Paradisio (OFFICIAL); nessa.laparadisio@belgium.be, Phone: +322476792979, Phone: +3226718655, Phone: +322476799; gender: female; birthDate: 1979-12-11; <span title=\"Codes: {http://terminology.hl7.org/CodeSystem/v3-MaritalStatus D}, {https://www.ehealth.fgov.be/standards/fhir/CodeSystem/cd-civilstate 41}\">Divorced</span></a></p><p><b>effective</b>: 1999-07-02</p><p><b>performer</b>: <a href=\"Practitioner-practitioner1.html\">K. Pulaski. Generated Summary: id: 79121137740 (OFFICIAL), id: 18749704477 (OFFICIAL); Katherine Pulaski (OFFICIAL); katherine.pulaski@enterprisehospital.be, Phone: 022675198, Fax: 022675209; gender: female; birthDate: 1979-12-11</a></p></div>"
  },
  "status": "final",
  "category": [
    {
      "coding": [
        {
          "system": "http://terminology.hl7.org/CodeSystem/observation-category",
          "code": "exam",
          "display": "Exam"
        }
      ],
      "text": "Examination"
    }
  ],
  "code": {
    "coding": [
      {
        "system": "http://snomed.info/sct",
        "code": "15188001:{363698007=89644007}"
      }
    ],
    "text": "Hard of hearing left ear"
  },
  "subject": {
    "reference": "Patient/patient1"
  },
  "effectiveDateTime": "1999-07-02",
  "performer": [
    {
      "reference": "Practitioner/practitioner1",
      "display": "K. Pulaski"
    }
  ]
}