{
  "resourceType": "Practitioner",
  "id": "practitioner1",
  "meta": {
    "profile": [
      "https://www.ehealth.fgov.be/standards/fhir/StructureDefinition/be-practitioner"
    ]
  },
  "text": {
    "status": "generated",
    "div": "<div xmlns=\"http://www.w3.org/1999/xhtml\"><p><b>Generated Narrative</b></p><h3>Ids</h3><table class=\"grid\"><tr><td>-</td></tr><tr><td>*</td></tr></table><h3>Meta</h3><table class=\"grid\"><tr><td>-</td></tr><tr><td>*</td></tr></table><p><b>identifier</b>: id: 79121137740 (OFFICIAL), id: 18749704477 (OFFICIAL)</p><p><b>name</b>: Katherine Pulaski (OFFICIAL)</p><p><b>telecom</b>: katherine.pulaski@enterprisehospital.be(WORK), ph: 022675198(WORK), fax: 022675209(WORK)</p><p><b>address</b>: Jupiterlaan 5, 1853 Grimbergen(HOME)</p><p><b>gender</b>: female</p><p><b>birthDate</b>: 1979-12-11</p></div>"
  },
  "identifier": [
    {
      "use": "official",
      "system": "https://www.ehealth.fgov.be/standards/fhir/NamingSystem/ssin",
      "value": "79121137740"
    },
    {
      "use": "official",
      "system": "https://www.ehealth.fgov.be/standards/fhir/NamingSystem/nihdi",
      "value": "18749704477"
    }
  ],
  "name": [
    {
      "use": "official",
      "family": "Pulaski",
      "given": [
        "Katherine"
      ],
      "suffix": [
        "MD"
      ]
    }
  ],
  "telecom": [
    {
      "system": "email",
      "value": "katherine.pulaski@enterprisehospital.be",
      "use": "work"
    },
    {
      "system": "phone",
      "value": "022675198",
      "use": "work"
    },
    {
      "system": "fax",
      "value": "022675209",
      "use": "work"
    }
  ],
  "address": [
    {
      "extension": [
        {
          "url": "http://hl7.org/fhir/StructureDefinition/language",
          "valueCode": "nl"
        }
      ],
      "use": "home",
      "text": "Jupiterlaan 5, 1853 Grimbergen",
      "line": [
        "Jupiterlaan 5"
      ],
      "city": "Grimbergen",
      "postalCode": "1853",
      "country": "BE"
    }
  ],
  "gender": "female",
  "birthDate": "1979-12-11"
}