<?xml version="1.0" encoding="UTF-8"?>

<Practitioner xmlns="http://hl7.org/fhir">
  <id value="practitioner1"/>
  <meta>
    <profile value="https://www.ehealth.fgov.be/standards/fhir/StructureDefinition/be-practitioner"/>
  </meta>
  <text>
    <status value="generated"/><div xmlns="http://www.w3.org/1999/xhtml"><p><b>Generated Narrative</b></p><h3>Ids</h3><table class="grid"><tr><td>-</td></tr><tr><td>*</td></tr></table><h3>Meta</h3><table class="grid"><tr><td>-</td></tr><tr><td>*</td></tr></table><p><b>identifier</b>: id: 79121137740 (OFFICIAL), id: 18749704477 (OFFICIAL)</p><p><b>name</b>: Katherine Pulaski (OFFICIAL)</p><p><b>telecom</b>: katherine.pulaski@enterprisehospital.be(WORK), ph: 022675198(WORK), fax: 022675209(WORK)</p><p><b>address</b>: Jupiterlaan 5, 1853 Grimbergen(HOME)</p><p><b>gender</b>: female</p><p><b>birthDate</b>: 1979-12-11</p></div>
  </text>
  <identifier>
    <use value="official"/>
    <system value="https://www.ehealth.fgov.be/standards/fhir/NamingSystem/ssin"/>
    <value value="79121137740"/>
  </identifier>
  <identifier>
    <use value="official"/>
    <system value="https://www.ehealth.fgov.be/standards/fhir/NamingSystem/nihdi"/>
    <value value="18749704477"/>
  </identifier>
  <name>
    <use value="official"/>
    <family value="Pulaski"/>
    <given value="Katherine"/>
    <suffix value="MD"/>
  </name>
  <telecom>
    <system value="email"/>
    <value value="katherine.pulaski@enterprisehospital.be"/>
    <use value="work"/>
  </telecom>
  <telecom>
    <system value="phone"/>
    <value value="022675198"/>
    <use value="work"/>
  </telecom>
  <telecom>
    <system value="fax"/>
    <value value="022675209"/>
    <use value="work"/>
  </telecom>
  <address>
    <extension url="http://hl7.org/fhir/StructureDefinition/language">
      <valueCode value="nl"/>
    </extension>
    <use value="home"/>
    <text value="Jupiterlaan 5, 1853 Grimbergen"/>
    <line value="Jupiterlaan 5"/>
    <city value="Grimbergen"/>
    <postalCode value="1853"/>
    <country value="BE"/>
  </address>
  <gender value="female"/>
  <birthDate value="1979-12-11"/>
</Practitioner>