<?xml version="1.0" encoding="UTF-8"?>

<ValueSet xmlns="http://hl7.org/fhir">
  <id value="be-contactperson"/>
  <text>
    <status value="generated"/><div xmlns="http://www.w3.org/1999/xhtml"><p>This value set includes codes based on the following rules:</p><ul><li>Include codes from <a href="https://terminology.hl7.org/1.0.0//CodeSystem-v2-0131.html"><code>http://terminology.hl7.org/CodeSystem/v2-0131</code></a> where concept  is-not-a  <a href="https://terminology.hl7.org/1.0.0//CodeSystem-v2-0131.html#v2-0131-O">O</a></li><li>Include all codes defined in <a href="CodeSystem-cd-contact-person.html"><code>https://www.ehealth.fgov.be/standards/fhir/CodeSystem/cd-contact-person</code></a></li></ul></div>
  </text>
  <url value="https://www.ehealth.fgov.be/standards/fhir/ValueSet/be-contactperson"/>
  <version value="1.0.0"/>
  <name value="BeContactPerson"/>
  <title value="ValueSet contact person"/>
  <status value="active"/>
  <date value="2020-09-18T08:03:27+02:00"/>
  <publisher value="eHealth Platform"/>
  <contact>
    <name value="eHealth Platform"/>
    <telecom>
      <system value="url"/>
      <value value="https://www.ehealth.fgov.be"/>
    </telecom>
  </contact>
  <contact>
    <name value="Message structure"/>
    <telecom>
      <system value="email"/>
      <value value="message-structure@ehealth.fgov.be"/>
    </telecom>
  </contact>
  <description value="Maximum valuest to define category of a contact person, using the HL7 values and the Belgian CD-CONTACT-PERSON values."/>
  <compose>
    <include>
      <system value="http://terminology.hl7.org/CodeSystem/v2-0131"/>
      <filter>
        <property value="concept"/>
        <op value="is-not-a"/>
        <value value="O"/>
      </filter>
    </include>
    <include>
      <system value="https://www.ehealth.fgov.be/standards/fhir/CodeSystem/cd-contact-person"/>
    </include>
  </compose>
</ValueSet>