{"resourceType":"CodeSystem","id":"cd-fed-country","text":{"status":"generated","div":"<div xmlns=\"http://www.w3.org/1999/xhtml\"><p>This code system https://www.ehealth.fgov.be/standards/fhir/CodeSystem/cd-fed-country defines many codes, of which the following are a subset:</p><table class=\"codes\"><tr><td style=\"white-space:nowrap\"><b>Code</b></td><td><b>Display</b></td></tr><tr><td style=\"white-space:nowrap\">BE<a name=\"cd-fed-country-BE\"> </a></td><td>Belgium</td></tr></table></div>"},"url":"https://www.ehealth.fgov.be/standards/fhir/CodeSystem/cd-fed-country","version":"1.1.0","name":"Cdfedcountry","title":"CodeSystem CD-FED-COUNTRY","status":"active","date":"2020-09-25T13:06:43+02:00","publisher":"eHealth Platform","contact":[{"name":"eHealth Platform","telecom":[{"system":"url","value":"https://www.ehealth.fgov.be"}]},{"name":"Message structure","telecom":[{"system":"email","value":"message-structure@ehealth.fgov.be"}]}],"description":"FedICT country codes.","content":"fragment","concept":[{"code":"BE","display":"Belgium"}]}