{"resourceType":"CodeSystem","id":"cd-hcparty","text":{"status":"extensions","div":"<div xmlns=\"http://www.w3.org/1999/xhtml\"><p>This code system https://www.ehealth.fgov.be/standards/fhir/CodeSystem/cd-hcparty defines the following codes:</p><table class=\"codes\"><tr><td style=\"white-space:nowrap\"><b>Code</b></td><td><b>Display</b></td><td><b>Deprecated</b></td></tr><tr><td style=\"white-space:nowrap\">deptanatomopathology<a name=\"cd-hcparty-deptanatomopathology\"> </a></td><td>anatomopathology</td><td/></tr><tr><td style=\"white-space:nowrap\">deptanesthesiology<a name=\"cd-hcparty-deptanesthesiology\"> </a></td><td>anesthesiology</td><td/></tr><tr><td style=\"white-space:nowrap\">deptbacteriology<a name=\"cd-hcparty-deptbacteriology\"> </a></td><td>bacteriology</td><td/></tr><tr><td style=\"white-space:nowrap\">deptcardiology<a name=\"cd-hcparty-deptcardiology\"> </a></td><td>cardiology</td><td/></tr><tr><td style=\"white-space:nowrap\">deptdermatology<a name=\"cd-hcparty-deptdermatology\"> </a></td><td>dermatology</td><td/></tr><tr><td style=\"white-space:nowrap\">deptdietetics<a name=\"cd-hcparty-deptdietetics\"> </a></td><td>dietetics</td><td/></tr><tr><td style=\"white-space:nowrap\">deptemergency<a name=\"cd-hcparty-deptemergency\"> </a></td><td>emergency</td><td/></tr><tr><td style=\"white-space:nowrap\">deptgastroenterology<a name=\"cd-hcparty-deptgastroenterology\"> </a></td><td>gastroenterology</td><td/></tr><tr><td style=\"white-space:nowrap\">deptgeneralpractice<a name=\"cd-hcparty-deptgeneralpractice\"> </a></td><td>general practice</td><td/></tr><tr><td style=\"white-space:nowrap\">deptgenetics<a name=\"cd-hcparty-deptgenetics\"> </a></td><td>genetics</td><td/></tr><tr><td style=\"white-space:nowrap\">deptgeriatry<a name=\"cd-hcparty-deptgeriatry\"> </a></td><td>geriatry</td><td/></tr><tr><td style=\"white-space:nowrap\">deptgynecology<a name=\"cd-hcparty-deptgynecology\"> </a></td><td>gynecology</td><td/></tr><tr><td style=\"white-space:nowrap\">depthematology<a name=\"cd-hcparty-depthematology\"> </a></td><td>hematology</td><td/></tr><tr><td style=\"white-space:nowrap\">deptintensivecare<a name=\"cd-hcparty-deptintensivecare\"> </a></td><td>intensive care</td><td/></tr><tr><td style=\"white-space:nowrap\">deptkinesitherapy<a name=\"cd-hcparty-deptkinesitherapy\"> </a></td><td>kinesitherapy</td><td/></tr><tr><td style=\"white-space:nowrap\">deptlaboratory<a name=\"cd-hcparty-deptlaboratory\"> </a></td><td>Laboratory service or department within an organisation</td><td/></tr><tr><td style=\"white-space:nowrap\">deptmedicine<a name=\"cd-hcparty-deptmedicine\"> </a></td><td>internal medecine</td><td/></tr><tr><td style=\"white-space:nowrap\">deptmolecularbiology<a name=\"cd-hcparty-deptmolecularbiology\"> </a></td><td>molecular biology</td><td/></tr><tr><td style=\"white-space:nowrap\">deptneonatalogy<a name=\"cd-hcparty-deptneonatalogy\"> </a></td><td>neonatalogy</td><td/></tr><tr><td style=\"white-space:nowrap\">deptnephrology<a name=\"cd-hcparty-deptnephrology\"> </a></td><td>nephrology</td><td/></tr><tr><td style=\"white-space:nowrap\">deptneurology<a name=\"cd-hcparty-deptneurology\"> </a></td><td>neurology</td><td/></tr><tr><td style=\"white-space:nowrap\">deptnte<a name=\"cd-hcparty-deptnte\"> </a></td><td>nose-throat-ear</td><td/></tr><tr><td style=\"white-space:nowrap\">deptnuclear<a name=\"cd-hcparty-deptnuclear\"> </a></td><td>nuclear</td><td/></tr><tr><td style=\"white-space:nowrap\">deptoncology<a name=\"cd-hcparty-deptoncology\"> </a></td><td>oncology</td><td/></tr><tr><td style=\"white-space:nowrap\">deptophtalmology<a name=\"cd-hcparty-deptophtalmology\"> </a></td><td>ophtalmology</td><td/></tr><tr><td style=\"white-space:nowrap\">deptpediatry<a name=\"cd-hcparty-deptpediatry\"> </a></td><td>pediatry</td><td/></tr><tr><td style=\"white-space:nowrap\">deptpharmacy<a name=\"cd-hcparty-deptpharmacy\"> </a></td><td>Pharmacy service or department within an organisation</td><td/></tr><tr><td style=\"white-space:nowrap\">deptphysiotherapy<a name=\"cd-hcparty-deptphysiotherapy\"> </a></td><td>physiotherapy</td><td/></tr><tr><td style=\"white-space:nowrap\">deptpneumology<a name=\"cd-hcparty-deptpneumology\"> </a></td><td>pneumology</td><td/></tr><tr><td style=\"white-space:nowrap\">deptpsychiatry<a name=\"cd-hcparty-deptpsychiatry\"> </a></td><td>psychiatry</td><td/></tr><tr><td style=\"white-space:nowrap\">deptradiology<a name=\"cd-hcparty-deptradiology\"> </a></td><td>radiology</td><td/></tr><tr><td style=\"white-space:nowrap\">deptradiotherapy<a name=\"cd-hcparty-deptradiotherapy\"> </a></td><td>radiotherapy</td><td/></tr><tr><td style=\"white-space:nowrap\">deptstomatology<a name=\"cd-hcparty-deptstomatology\"> </a></td><td>stomatology</td><td/></tr><tr><td style=\"white-space:nowrap\">deptsurgery<a name=\"cd-hcparty-deptsurgery\"> </a></td><td>surgery</td><td/></tr><tr><td style=\"white-space:nowrap\">depttoxicology<a name=\"cd-hcparty-depttoxicology\"> </a></td><td>toxicology</td><td/></tr><tr><td style=\"white-space:nowrap\">depturology<a name=\"cd-hcparty-depturology\"> </a></td><td>urology</td><td/></tr><tr><td style=\"white-space:nowrap\">orghospital<a name=\"cd-hcparty-orghospital\"> </a></td><td>hospital</td><td/></tr><tr><td style=\"white-space:nowrap\">orginsurance<a name=\"cd-hcparty-orginsurance\"> </a></td><td>insurance</td><td/></tr><tr><td style=\"white-space:nowrap\">orglaboratory<a name=\"cd-hcparty-orglaboratory\"> </a></td><td>Independent laboratory</td><td/></tr><tr><td style=\"white-space:nowrap\">orgpublichealth<a name=\"cd-hcparty-orgpublichealth\"> </a></td><td>public health organisation</td><td/></tr><tr><td style=\"white-space:nowrap\">persbiologist<a name=\"cd-hcparty-persbiologist\"> </a></td><td>medical laboratory technician</td><td/></tr><tr><td style=\"white-space:nowrap\">persdentist<a name=\"cd-hcparty-persdentist\"> </a></td><td>dentist</td><td/></tr><tr><td style=\"white-space:nowrap\">persnurse<a name=\"cd-hcparty-persnurse\"> </a></td><td>nurse</td><td/></tr><tr><td style=\"white-space:nowrap\">persparamedical<a name=\"cd-hcparty-persparamedical\"> </a></td><td>paramedical</td><td/></tr><tr><td style=\"white-space:nowrap\">perspharmacist<a name=\"cd-hcparty-perspharmacist\"> </a></td><td>pharmacist</td><td/></tr><tr><td style=\"white-space:nowrap\">persphysician<a name=\"cd-hcparty-persphysician\"> </a></td><td>physician</td><td/></tr><tr><td style=\"white-space:nowrap\">perssocialworker<a name=\"cd-hcparty-perssocialworker\"> </a></td><td>social worker</td><td/></tr><tr><td style=\"white-space:nowrap\">perstechnician<a name=\"cd-hcparty-perstechnician\"> </a></td><td>Medical Imaging Technician</td><td/></tr><tr><td style=\"white-space:nowrap\">persadministrative<a name=\"cd-hcparty-persadministrative\"> </a></td><td>administrative</td><td/></tr><tr><td style=\"white-space:nowrap\">persmidwife<a name=\"cd-hcparty-persmidwife\"> </a></td><td>midwife</td><td/></tr><tr><td style=\"white-space:nowrap\">application<a name=\"cd-hcparty-application\"> </a></td><td>software application</td><td/></tr><tr><td style=\"white-space:nowrap\">deptorthopedy<a name=\"cd-hcparty-deptorthopedy\"> </a></td><td>orthopedy</td><td/></tr><tr><td style=\"white-space:nowrap\">orgpractice<a name=\"cd-hcparty-orgpractice\"> </a></td><td>practice organisation</td><td/></tr><tr><td style=\"white-space:nowrap\">orgpharmacy<a name=\"cd-hcparty-orgpharmacy\"> </a></td><td>Independent pharmacy</td><td/></tr><tr><td style=\"white-space:nowrap\">deptalgology<a name=\"cd-hcparty-deptalgology\"> </a></td><td>algology</td><td/></tr><tr><td style=\"white-space:nowrap\">deptcardiacsurgery<a name=\"cd-hcparty-deptcardiacsurgery\"> </a></td><td>cardiac surgery</td><td/></tr><tr><td style=\"white-space:nowrap\">depthandsurgery<a name=\"cd-hcparty-depthandsurgery\"> </a></td><td>hand surgery</td><td/></tr><tr><td style=\"white-space:nowrap\">deptmaxillofacialsurgery<a name=\"cd-hcparty-deptmaxillofacialsurgery\"> </a></td><td>maxillofacial surgery</td><td/></tr><tr><td style=\"white-space:nowrap\">deptpediatricsurgery<a name=\"cd-hcparty-deptpediatricsurgery\"> </a></td><td>pediatric surgery</td><td/></tr><tr><td style=\"white-space:nowrap\">deptplasticandreparatorysurgery<a name=\"cd-hcparty-deptplasticandreparatorysurgery\"> </a></td><td>plastic and reparatory surgery</td><td/></tr><tr><td style=\"white-space:nowrap\">deptthoracicsurgery<a name=\"cd-hcparty-deptthoracicsurgery\"> </a></td><td>thoracic surgery</td><td/></tr><tr><td style=\"white-space:nowrap\">deptvascularsurgery<a name=\"cd-hcparty-deptvascularsurgery\"> </a></td><td>vascular surgery</td><td/></tr><tr><td style=\"white-space:nowrap\">deptvisceraldigestiveabdominalsurgery<a name=\"cd-hcparty-deptvisceraldigestiveabdominalsurgery\"> </a></td><td>visceral digestive abdominal surgery</td><td/></tr><tr><td style=\"white-space:nowrap\">deptdentistry<a name=\"cd-hcparty-deptdentistry\"> </a></td><td>dentistry</td><td/></tr><tr><td style=\"white-space:nowrap\">deptdiabetology<a name=\"cd-hcparty-deptdiabetology\"> </a></td><td>diabetology</td><td/></tr><tr><td style=\"white-space:nowrap\">deptendocrinology<a name=\"cd-hcparty-deptendocrinology\"> </a></td><td>endocrinology</td><td/></tr><tr><td style=\"white-space:nowrap\">deptoccupationaltherapy<a name=\"cd-hcparty-deptoccupationaltherapy\"> </a></td><td>occupational therapy</td><td/></tr><tr><td style=\"white-space:nowrap\">deptmajorburns<a name=\"cd-hcparty-deptmajorburns\"> </a></td><td>major burns</td><td/></tr><tr><td style=\"white-space:nowrap\">deptinfectiousdisease<a name=\"cd-hcparty-deptinfectiousdisease\"> </a></td><td>infectious disease</td><td/></tr><tr><td style=\"white-space:nowrap\">deptspeechtherapy<a name=\"cd-hcparty-deptspeechtherapy\"> </a></td><td>speech therapy</td><td/></tr><tr><td style=\"white-space:nowrap\">deptsportsmedecine<a name=\"cd-hcparty-deptsportsmedecine\"> </a></td><td>sports medecine</td><td/></tr><tr><td style=\"white-space:nowrap\">deptphysicalmedecine<a name=\"cd-hcparty-deptphysicalmedecine\"> </a></td><td>physical medecine</td><td/></tr><tr><td style=\"white-space:nowrap\">depttropicalmedecine<a name=\"cd-hcparty-depttropicalmedecine\"> </a></td><td>tropical medecine</td><td/></tr><tr><td style=\"white-space:nowrap\">deptneurosurgery<a name=\"cd-hcparty-deptneurosurgery\"> </a></td><td>neuro surgery</td><td/></tr><tr><td style=\"white-space:nowrap\">deptnutritiondietetics<a name=\"cd-hcparty-deptnutritiondietetics\"> </a></td><td>nutrition dietetics</td><td/></tr><tr><td style=\"white-space:nowrap\">deptobstetrics<a name=\"cd-hcparty-deptobstetrics\"> </a></td><td>obstetrics</td><td/></tr><tr><td style=\"white-space:nowrap\">deptchildandadolescentpsychiatry<a name=\"cd-hcparty-deptchildandadolescentpsychiatry\"> </a></td><td>child and adolescent psychiatry</td><td/></tr><tr><td style=\"white-space:nowrap\">deptpodiatry<a name=\"cd-hcparty-deptpodiatry\"> </a></td><td>podiatry</td><td/></tr><tr><td style=\"white-space:nowrap\">deptpsychology<a name=\"cd-hcparty-deptpsychology\"> </a></td><td>psychology</td><td/></tr><tr><td style=\"white-space:nowrap\">deptrevalidation<a name=\"cd-hcparty-deptrevalidation\"> </a></td><td>revalidation</td><td/></tr><tr><td style=\"white-space:nowrap\">deptsenology<a name=\"cd-hcparty-deptsenology\"> </a></td><td>senology</td><td/></tr><tr><td style=\"white-space:nowrap\">deptsocialservice<a name=\"cd-hcparty-deptsocialservice\"> </a></td><td>social service</td><td/></tr><tr><td style=\"white-space:nowrap\">deptpediatricintensivecare<a name=\"cd-hcparty-deptpediatricintensivecare\"> </a></td><td>pediatric intensive care</td><td/></tr><tr><td style=\"white-space:nowrap\">deptpalliativecare<a name=\"cd-hcparty-deptpalliativecare\"> </a></td><td>palliative care</td><td/></tr><tr><td style=\"white-space:nowrap\">deptrheumatology<a name=\"cd-hcparty-deptrheumatology\"> </a></td><td>rheumatology</td><td/></tr><tr><td style=\"white-space:nowrap\">persambulancefirstaid<a name=\"cd-hcparty-persambulancefirstaid\"> </a></td><td>ambulance first aid</td><td/></tr><tr><td style=\"white-space:nowrap\">persaudician<a name=\"cd-hcparty-persaudician\"> </a></td><td>audician</td><td/></tr><tr><td style=\"white-space:nowrap\">persaudiologist<a name=\"cd-hcparty-persaudiologist\"> </a></td><td>audiologist</td><td/></tr><tr><td style=\"white-space:nowrap\">perscaregiver<a name=\"cd-hcparty-perscaregiver\"> </a></td><td>caregiver</td><td>Deprecated</td></tr><tr><td style=\"white-space:nowrap\">persdietician<a name=\"cd-hcparty-persdietician\"> </a></td><td>dietician</td><td/></tr><tr><td style=\"white-space:nowrap\">perseducator<a name=\"cd-hcparty-perseducator\"> </a></td><td>educator</td><td/></tr><tr><td style=\"white-space:nowrap\">perslogopedist<a name=\"cd-hcparty-perslogopedist\"> </a></td><td>logopedist</td><td/></tr><tr><td style=\"white-space:nowrap\">persoccupationaltherapist<a name=\"cd-hcparty-persoccupationaltherapist\"> </a></td><td>occupational therapist</td><td/></tr><tr><td style=\"white-space:nowrap\">persorthoptist<a name=\"cd-hcparty-persorthoptist\"> </a></td><td>orthoptist</td><td/></tr><tr><td style=\"white-space:nowrap\">persoptician<a name=\"cd-hcparty-persoptician\"> </a></td><td>optician</td><td/></tr><tr><td style=\"white-space:nowrap\">perspharmacyassistant<a name=\"cd-hcparty-perspharmacyassistant\"> </a></td><td>pharmacy assistant</td><td/></tr><tr><td style=\"white-space:nowrap\">persphysiotherapist<a name=\"cd-hcparty-persphysiotherapist\"> </a></td><td>physiotherapist</td><td/></tr><tr><td style=\"white-space:nowrap\">perspodologist<a name=\"cd-hcparty-perspodologist\"> </a></td><td>podologist</td><td/></tr><tr><td style=\"white-space:nowrap\">perspracticalnurse<a name=\"cd-hcparty-perspracticalnurse\"> </a></td><td>practical nurse</td><td/></tr><tr><td style=\"white-space:nowrap\">perspsychologist<a name=\"cd-hcparty-perspsychologist\"> </a></td><td>psychologist</td><td/></tr><tr><td style=\"white-space:nowrap\">orgprimaryhealthcarecenter<a name=\"cd-hcparty-orgprimaryhealthcarecenter\"> </a></td><td>primary health care center</td><td/></tr><tr><td style=\"white-space:nowrap\">guardpost<a name=\"cd-hcparty-guardpost\"> </a></td><td>Guard post</td><td/></tr><tr><td style=\"white-space:nowrap\">groupofphysicianssameaddress<a name=\"cd-hcparty-groupofphysicianssameaddress\"> </a></td><td>Group of physicians same address</td><td/></tr><tr><td style=\"white-space:nowrap\">groupofphysiciansdifferentaddress<a name=\"cd-hcparty-groupofphysiciansdifferentaddress\"> </a></td><td>Group of physicians different address</td><td/></tr><tr><td style=\"white-space:nowrap\">groupofnurses<a name=\"cd-hcparty-groupofnurses\"> </a></td><td>Group of nurses</td><td/></tr><tr><td style=\"white-space:nowrap\">certificateholder<a name=\"cd-hcparty-certificateholder\"> </a></td><td>Certificate holder</td><td/></tr><tr><td style=\"white-space:nowrap\">perstrussmaker<a name=\"cd-hcparty-perstrussmaker\"> </a></td><td>Truss maker</td><td/></tr><tr><td style=\"white-space:nowrap\">patient<a name=\"cd-hcparty-patient\"> </a></td><td>Patient</td><td/></tr><tr><td style=\"white-space:nowrap\">persorthotist<a name=\"cd-hcparty-persorthotist\"> </a></td><td>Orthotist</td><td/></tr><tr><td style=\"white-space:nowrap\">perspatientdriver<a name=\"cd-hcparty-perspatientdriver\"> </a></td><td>Patient driver (not urgent)</td><td/></tr><tr><td style=\"white-space:nowrap\">orgprevention<a name=\"cd-hcparty-orgprevention\"> </a></td><td>Prevention organisation</td><td/></tr><tr><td style=\"white-space:nowrap\">perspharmacistclinicalbiologist<a name=\"cd-hcparty-perspharmacistclinicalbiologist\"> </a></td><td>pharmacist-clinical biologist</td><td/></tr><tr><td style=\"white-space:nowrap\">hub<a name=\"cd-hcparty-hub\"> </a></td><td>hub</td><td/></tr><tr><td style=\"white-space:nowrap\">deptnursing<a name=\"cd-hcparty-deptnursing\"> </a></td><td>nursing</td><td/></tr><tr><td style=\"white-space:nowrap\">persoraldentalhygienist<a name=\"cd-hcparty-persoraldentalhygienist\"> </a></td><td>Oral dental hygienist</td><td/></tr><tr><td style=\"white-space:nowrap\">persclinicalpsychologist<a name=\"cd-hcparty-persclinicalpsychologist\"> </a></td><td>Clinical psychologist</td><td/></tr><tr><td style=\"white-space:nowrap\">persclinicalorthopedagogist<a name=\"cd-hcparty-persclinicalorthopedagogist\"> </a></td><td>Clinical orthopedagogist</td><td/></tr><tr><td style=\"white-space:nowrap\">orgretirementhome<a name=\"cd-hcparty-orgretirementhome\"> </a></td><td>retirementhome</td><td/></tr><tr><td style=\"white-space:nowrap\">orgrevalidationcenter<a name=\"cd-hcparty-orgrevalidationcenter\"> </a></td><td>revalidation center</td><td/></tr><tr><td style=\"white-space:nowrap\">orgshelteredliving<a name=\"cd-hcparty-orgshelteredliving\"> </a></td><td>sheltered living</td><td/></tr><tr><td style=\"white-space:nowrap\">orgpsychiatriccarehome<a name=\"cd-hcparty-orgpsychiatriccarehome\"> </a></td><td>psychiatric care home</td><td/></tr><tr><td style=\"white-space:nowrap\">orgpolyclinic<a name=\"cd-hcparty-orgpolyclinic\"> </a></td><td>polyclinic</td><td/></tr></table><p><b>Additional Language Displays</b></p><table class=\"codes\"><tr><td><b>Code</b></td><td><b>Deutsch (German, de)</b></td><td><b>English (English, en)</b></td><td><b>French (Belgium) (fr)</b></td><td><b>Nederlands (België) (Dutch (Belgium), nl)</b></td></tr><tr><td>deptanatomopathology</td><td>pathologische Anatomie</td><td>anatomopathology</td><td>anatomopathologie</td><td>anatomo-pathologie</td></tr><tr><td>deptanesthesiology</td><td>Anästhesiologe</td><td>anesthesiology</td><td>anesthésiologie</td><td>anesthesiologie</td></tr><tr><td>deptbacteriology</td><td>Bakteriologie</td><td>bacteriology</td><td>bactériologie</td><td>bacteriologie</td></tr><tr><td>deptcardiology</td><td>Kardiologie</td><td>cardiology</td><td>cardiologie</td><td>cardiologie</td></tr><tr><td>deptdermatology</td><td>Dermatologie</td><td>dermatology</td><td>dermatologie</td><td>dermatologie</td></tr><tr><td>deptdietetics</td><td>Diätetik</td><td>dietetics</td><td>diététique</td><td>diëtetiek</td></tr><tr><td>deptemergency</td><td>Notfalldienst</td><td>emergency</td><td>services d'urgence</td><td>spoeddiensten</td></tr><tr><td>deptgastroenterology</td><td>Gastroenterologie</td><td>gastroenterology</td><td>gastroentérologie</td><td>gastro-enterologie</td></tr><tr><td>deptgeneralpractice</td><td>Allgemeinmedizin</td><td>general practice</td><td>médecine générale</td><td>algemene geneeskunde</td></tr><tr><td>deptgenetics</td><td>Genetik</td><td>genetics</td><td>génétique</td><td>genetica</td></tr><tr><td>deptgeriatry</td><td>Geriatrie</td><td>geriatry</td><td>gériatrie</td><td>geriatrie</td></tr><tr><td>deptgynecology</td><td>Gynäkologie</td><td>gynecology</td><td>gynécologie</td><td>gynaecologie</td></tr><tr><td>depthematology</td><td>Hämatologie</td><td>hematology</td><td>hématologie</td><td>hematologie</td></tr><tr><td>deptintensivecare</td><td>Intensivmedizin</td><td>intensive care</td><td>soins intensifs</td><td>intensieve zorgen</td></tr><tr><td>deptkinesitherapy</td><td>Bewegungstherapie</td><td>kinesitherapy</td><td>kinésithérapie</td><td>kinesitherapie</td></tr><tr><td>deptlaboratory</td><td>Laboratorium Dienst/Abteilung in einer Organisation</td><td>Laboratory service or department within an organisation</td><td>Service / Département laboratoire au sein d'une organisation</td><td>Laboratoriumdienst of -afdeling binnen een organisatie</td></tr><tr><td>deptmedicine</td><td>Innere Medizin</td><td>internal medecine</td><td>médicine interne</td><td>interne geneeskunde</td></tr><tr><td>deptmolecularbiology</td><td>Molekularbiologie</td><td>molecular biology</td><td>biologie moléculaire</td><td>moleculaire biologie</td></tr><tr><td>deptneonatalogy</td><td>Neonatologie</td><td>neonatalogy</td><td>néonatologie</td><td>neonatologie</td></tr><tr><td>deptnephrology</td><td>Nephrologie</td><td>nephrology</td><td>néphrologie</td><td>nefrologie</td></tr><tr><td>deptneurology</td><td>Neurologie</td><td>neurology</td><td>neurologie</td><td>neurologie</td></tr><tr><td>deptnte</td><td>Otorhinolaryngologie</td><td>nose-throat-ear</td><td>oto-rhino-laryngologie</td><td>oto-rhino-laryngologie</td></tr><tr><td>deptnuclear</td><td>Nuklearmedizin</td><td>nuclear</td><td>médecine nucléaire</td><td>nucleaire geneeskunde</td></tr><tr><td>deptoncology</td><td>Onkologie</td><td>oncology</td><td>oncologie</td><td>oncologie</td></tr><tr><td>deptophtalmology</td><td>Augenheilkunde</td><td>ophtalmology</td><td>ophtalmologie</td><td>oftalmologie</td></tr><tr><td>deptpediatry</td><td>Pädiatrie</td><td>pediatry</td><td>pédiatrie</td><td>pediatrie</td></tr><tr><td>deptpharmacy</td><td>Pharmazie Dienst/Abteilung in einer Organisation</td><td>Pharmacy service or department within an organisation</td><td>Service / Département pharmacie au sein d'une organisation</td><td>Apotheekdienst of -afdeling binnen een organisatie</td></tr><tr><td>deptphysiotherapy</td><td>Physiotherapie</td><td>physiotherapy</td><td>physiothérapie</td><td>fysiotherapie</td></tr><tr><td>deptpneumology</td><td>Pulmonologie</td><td>pneumology</td><td>pneumologie</td><td>pulmonologie</td></tr><tr><td>deptpsychiatry</td><td>Psychiatrie</td><td>psychiatry</td><td>psychiatrie</td><td>psychiatrie</td></tr><tr><td>deptradiology</td><td>Radiologie</td><td>radiology</td><td>radiologie</td><td>radiologie</td></tr><tr><td>deptradiotherapy</td><td>Strahlentherapie</td><td>radiotherapy</td><td>radiothérapie</td><td>radiotherapie</td></tr><tr><td>deptstomatology</td><td>Stomatologie</td><td>stomatology</td><td>stomatologie</td><td>stomatologie</td></tr><tr><td>deptsurgery</td><td>Chirurgie</td><td>surgery</td><td>chirurgie</td><td>chirurgie</td></tr><tr><td>depttoxicology</td><td>Toxikologie</td><td>toxicology</td><td>toxicologie</td><td>toxicologie</td></tr><tr><td>depturology</td><td>Urologie</td><td>urology</td><td>urologie</td><td>urologie</td></tr><tr><td>orghospital</td><td>Krankenhaus</td><td>hospital</td><td>hôpital</td><td>ziekenhuis</td></tr><tr><td>orginsurance</td><td>Versicherung</td><td>insurance</td><td>assurance</td><td>verzekering</td></tr><tr><td>orglaboratory</td><td>Unabhängiges Laboratorium</td><td>Independent laboratory</td><td>laboratoire indépendant</td><td>Onafhankelijk laboratorium</td></tr><tr><td>orgpublichealth</td><td>Gesundheitsbehörde</td><td>public health organisation</td><td>service public de santé</td><td>openbare gezondheidsdienst</td></tr><tr><td>persbiologist</td><td>medizinischer Labortechniker</td><td>medical laboratory technician</td><td>technicien de laboratoire médical</td><td>medisch laboratoriumtechnoloog</td></tr><tr><td>persdentist</td><td>Zahnarzt</td><td>dentist</td><td>dentiste</td><td>tandarts</td></tr><tr><td>persnurse</td><td>Krankenpfleger/in</td><td>nurse</td><td>infirmier</td><td>verpleegkundige</td></tr><tr><td>persparamedical</td><td>medizinisches Hilfspersonal</td><td>paramedical</td><td>personnel paramédical</td><td>paramedisch personeel</td></tr><tr><td>perspharmacist</td><td>Apotheker</td><td>pharmacist</td><td>pharmacien</td><td>apotheker</td></tr><tr><td>persphysician</td><td>Arzt</td><td>physician</td><td>médecin</td><td>arts</td></tr><tr><td>perssocialworker</td><td>Sozialarbeiter</td><td>social worker</td><td>travailleur social</td><td>maatschappelijk werker</td></tr><tr><td>perstechnician</td><td>medizinische Bildgebung Techniker</td><td>Medical Imaging Technician</td><td>Technicien d'imagerie médicale</td><td>Technicus medische beeldvorming</td></tr><tr><td>persadministrative</td><td>Büroangestellte(r)</td><td>administrative</td><td>personnel admistratif</td><td>administratieve medewerker</td></tr><tr><td>persmidwife</td><td>Hebamme</td><td>midwife</td><td>sage-femme</td><td>vroedvrouw</td></tr><tr><td>application</td><td>Softwareapplikation</td><td>software application</td><td>application logicielle</td><td>softwaretoepassing</td></tr><tr><td>deptorthopedy</td><td>Orthopädie</td><td>orthopedy</td><td>orthopédie</td><td>orthopedie</td></tr><tr><td>orgpractice</td><td>Praxis</td><td>practice organisation</td><td>cabinet</td><td>praktijk</td></tr><tr><td>orgpharmacy</td><td>Unabhängige Apotheke</td><td>Independent pharmacy</td><td>Pharmacie indépendante</td><td>Onafhankelijke apotheek</td></tr><tr><td>deptalgology</td><td>Algologie</td><td>algology</td><td>algologie</td><td>algologie</td></tr><tr><td>deptcardiacsurgery</td><td>Herzchirurgie</td><td>cardiac surgery</td><td>chirurgie cardiaque</td><td>hartchirurgie</td></tr><tr><td>depthandsurgery</td><td>Handchirurgie</td><td>hand surgery</td><td>chirurgie de la main</td><td>handchirurgie</td></tr><tr><td>deptmaxillofacialsurgery</td><td>Mund-Kiefer-Gesichtschirurgie</td><td>maxillofacial surgery</td><td>chirurgie maxillofaciale</td><td>mond-, kaak- en aangezichtschirurgie</td></tr><tr><td>deptpediatricsurgery</td><td>Kinderchirurgie</td><td>pediatric surgery</td><td>chirurgie pédiatrique</td><td>kinderchirurgie</td></tr><tr><td>deptplasticandreparatorysurgery</td><td>plastische Chirurgie und Reparaturchirurgie</td><td>plastic and reparatory surgery</td><td>chirurgie esthétique et réparatrice</td><td>plastische en reconstructieve chirurgie</td></tr><tr><td>deptthoracicsurgery</td><td>Thoraxchirurgie</td><td>thoracic surgery</td><td>chirurgie thoracique</td><td>thoraxchirurgie</td></tr><tr><td>deptvascularsurgery</td><td>Vaskuläre Chirurgie</td><td>vascular surgery</td><td>chirurgie vasculaire</td><td>vasculaire chirurgie</td></tr><tr><td>deptvisceraldigestiveabdominalsurgery</td><td>Viszeralchirurgie/Abdominalchirurgie/Bauchchirurgie</td><td>visceral digestive abdominal surgery</td><td>chirurgie abdominale, digestive et viscérale</td><td>digestieve/viscerale chirurgie/buikchirurgie</td></tr><tr><td>deptdentistry</td><td>Zahnheilkunde</td><td>dentistry</td><td>dentisterie</td><td>tandheelkunde</td></tr><tr><td>deptdiabetology</td><td>Diabetologie</td><td>diabetology</td><td>diabétologie</td><td>diabetologie</td></tr><tr><td>deptendocrinology</td><td>Endokrinologie</td><td>endocrinology</td><td>endocrinologie</td><td>endocrinologie/hormonenleer</td></tr><tr><td>deptoccupationaltherapy</td><td>Ergotherapie</td><td>occupational therapy</td><td>ergothérapie</td><td>ergotherapie</td></tr><tr><td>deptmajorburns</td><td>Zentrum für Schwerbrandverletzte</td><td>major burns</td><td>grands brûlés</td><td>brandwondencentrum</td></tr><tr><td>deptinfectiousdisease</td><td>Infektionskrankheit</td><td>infectious disease</td><td>maladie infectieuse</td><td>infectieziekte</td></tr><tr><td>deptspeechtherapy</td><td>Sprachtherapie</td><td>speech therapy</td><td>logopédie</td><td>logopedie</td></tr><tr><td>deptsportsmedecine</td><td>Sportmedizin</td><td>sports medecine</td><td>médecine des sports</td><td>sportgeneeskunde</td></tr><tr><td>deptphysicalmedecine</td><td>physikalische Medizin</td><td>physical medecine</td><td>médecine physique</td><td>fysische geneeskunde</td></tr><tr><td>depttropicalmedecine</td><td>Tropenmedizin</td><td>tropical medecine</td><td>médecine tropicale</td><td>tropische geneeskunde</td></tr><tr><td>deptneurosurgery</td><td>Neurologie</td><td>neuro surgery</td><td>neurologie</td><td>neurologie</td></tr><tr><td>deptnutritiondietetics</td><td>Diätetik</td><td>nutrition dietetics</td><td>diététique nutritionnelle</td><td>diëtetiek</td></tr><tr><td>deptobstetrics</td><td>Geburtshilfe</td><td>obstetrics</td><td>obstétrique</td><td>verloskunde</td></tr><tr><td>deptchildandadolescentpsychiatry</td><td>Kinder-und Jugendpsychologie</td><td>child and adolescent psychiatry</td><td>psychiatrie de l'enfant et de l'adolescent</td><td>kinder- en jeugdpsychiatrie</td></tr><tr><td>deptpodiatry</td><td>Podiatrie</td><td>podiatry</td><td>podiatrie</td><td>podiatrie</td></tr><tr><td>deptpsychology</td><td>Psychologie</td><td>psychology</td><td>psychologie</td><td>psychologie</td></tr><tr><td>deptrevalidation</td><td>Rehabilitation</td><td>revalidation</td><td>rééducation</td><td>revalidatie</td></tr><tr><td>deptsenology</td><td>Senologie</td><td>senology</td><td>sénologie</td><td>senologie</td></tr><tr><td>deptsocialservice</td><td>Sozialdienst</td><td>social service</td><td>service social</td><td>sociale dienst</td></tr><tr><td>deptpediatricintensivecare</td><td>Intensivpflege für Kinder</td><td>pediatric intensive care</td><td>soins intensifs pédiatriques</td><td>intensieve zorg voor kinderen</td></tr><tr><td>deptpalliativecare</td><td>Palliativpflege</td><td>palliative care</td><td>soins palliatifs</td><td>palliatieve zorg</td></tr><tr><td>deptrheumatology</td><td>Rheumatologie</td><td>rheumatology</td><td>rhumatologie</td><td>reumatologie</td></tr><tr><td>persambulancefirstaid</td><td>Krankenwagen erste Hilfe</td><td>ambulance first aid</td><td>ambulance premier secours</td><td>ambulance eerste hulp</td></tr><tr><td>persaudician</td><td>Hörgeräteakustiker</td><td>audician</td><td>audicien</td><td>audicien</td></tr><tr><td>persaudiologist</td><td>Audiologe</td><td>audiologist</td><td>audiologue</td><td>audioloog</td></tr><tr><td>perscaregiver</td><td>Pflegeperson</td><td>caregiver</td><td>soignant informel</td><td>mantelzorger</td></tr><tr><td>persdietician</td><td>Diätist</td><td>dietician</td><td>diététicien</td><td>dietist</td></tr><tr><td>perseducator</td><td>Erzieher</td><td>educator</td><td>éducateur</td><td>opvoeder</td></tr><tr><td>perslogopedist</td><td>Logopäde</td><td>logopedist</td><td>logopède</td><td>logopedist</td></tr><tr><td>persoccupationaltherapist</td><td>Ergotherapeut</td><td>occupational therapist</td><td>ergothérapeute</td><td>ergotherapeut</td></tr><tr><td>persorthoptist</td><td>Orthoptist</td><td>orthoptist</td><td>orthoptiste</td><td>orthoptist</td></tr><tr><td>persoptician</td><td>Optiker</td><td>optician</td><td>opticien</td><td>opticien</td></tr><tr><td>perspharmacyassistant</td><td>Apothekenhelfer</td><td>pharmacy assistant</td><td>assistant en pharmacie</td><td>apothekersassistent</td></tr><tr><td>persphysiotherapist</td><td>Krankengymnast</td><td>physiotherapist</td><td>kinésithérapeute</td><td>kinesitherapeut</td></tr><tr><td>perspodologist</td><td>Podologe</td><td>podologist</td><td>podologue</td><td>podologist</td></tr><tr><td>perspracticalnurse</td><td>Pfleger</td><td>practical nurse</td><td>aide-soignante</td><td>verzorgende</td></tr><tr><td>perspsychologist</td><td>Psychologe</td><td>psychologist</td><td>psychologue</td><td>psycholoog</td></tr><tr><td>orgprimaryhealthcarecenter</td><td>Gesundheitspflege der ersten Linie</td><td>primary health care center</td><td>Maison médicale</td><td>medisch huis</td></tr><tr><td>guardpost</td><td>Wachposten</td><td>Guard post</td><td>poste de garde</td><td>wachtpost</td></tr><tr><td>groupofphysicianssameaddress</td><td>Gruppierung von Ärzten gleiche Adresse</td><td>Group of physicians same address</td><td>regroupement de médecins même adresse</td><td>groepering van artsen zelfde adres</td></tr><tr><td>groupofphysiciansdifferentaddress</td><td>Gruppierung von Ärzten andere Adresse</td><td>Group of physicians different address</td><td>Regroupement de médecins adresse différente</td><td>Groepering van artsen verschillend adres</td></tr><tr><td>groupofnurses</td><td>Krankenpflegeverein</td><td>Group of nurses</td><td>Regroupement d'infirmiers</td><td>Groepering van verplegers</td></tr><tr><td>certificateholder</td><td>Zertifikatsinhaber</td><td>Certificate holder</td><td>Titulaire du certificat</td><td>Houder van certificaat</td></tr><tr><td>perstrussmaker</td><td>Bandagist</td><td>Truss maker</td><td>Bandagiste</td><td>Bandagist</td></tr><tr><td>patient</td><td>Patient</td><td>Patient</td><td>Patient</td><td>Patient</td></tr><tr><td>persorthotist</td><td>Orthopädietechniker</td><td>Orthotist</td><td>Orthésiste/Prothésiste</td><td>Orthopedische technieker</td></tr><tr><td>perspatientdriver</td><td>Patientenfahrer (nicht dringend)</td><td>Patient driver (not urgent)</td><td>Transporteur de patient (non urgent)</td><td>Ziekenvervoerder (niet urgent)</td></tr><tr><td>orgprevention</td><td>Präventionsdienst</td><td>Prevention organisation</td><td>Service de pévention</td><td>Preventiedienst</td></tr><tr><td>perspharmacistclinicalbiologist</td><td>Apotheker-klinische Biologe</td><td>pharmacist-clinical biologist</td><td>pharmacien-biologiste clinicien</td><td>apotheker-klinisch bioloog</td></tr><tr><td>hub</td><td>hub</td><td>hub</td><td>hub</td><td>hub</td></tr><tr><td>deptnursing</td><td>Krankenpflege</td><td>nursing</td><td>soins infirmiers</td><td>verpleegkunde</td></tr><tr><td>persoraldentalhygienist</td><td>Dentalhygieniker</td><td>Oral dental hygienist</td><td>Hygiéniste bucco-dentaire</td><td>Mondhygiënist</td></tr><tr><td>persclinicalpsychologist</td><td>Klinischer Psychologe</td><td>Clinical psychologist</td><td>Psychologue clinicien</td><td>Klinisch psycholoog</td></tr><tr><td>persclinicalorthopedagogist</td><td>Klinischer Orthopädagoge</td><td>Clinical orthopedagogist</td><td>Orthopédagogue clinicien</td><td>Klinisch orthopedagoog</td></tr><tr><td>orgretirementhome</td><td>Altenheim</td><td>retirementhome</td><td>maison de repos</td><td>woonzorgcentrum</td></tr><tr><td>orgrevalidationcenter</td><td>Unfallkrankenhaus</td><td>revalidation center</td><td>centre de revalidation</td><td>revalidatiecentrum</td></tr><tr><td>orgshelteredliving</td><td>geschütztes Leben</td><td>sheltered living</td><td>initiative d’habitation protégée</td><td>initiatief voor beschut wonen</td></tr><tr><td>orgpsychiatriccarehome</td><td>psychiatrisches Pflegeheim</td><td>psychiatric care home</td><td>maison de soins psychiatriques</td><td>psychiatrische verzorgingstehuis</td></tr><tr><td>orgpolyclinic</td><td>Poliklinik</td><td>polyclinic</td><td>polyclinique</td><td>polikliniek</td></tr></table></div>"},"url":"https://www.ehealth.fgov.be/standards/fhir/CodeSystem/cd-hcparty","version":"1.1.0","name":"HCParty","status":"active","date":"2020-11-16T10:17:56+01:00","publisher":"eHealth Platform","contact":[{"name":"eHealth Platform","telecom":[{"system":"url","value":"https://www.ehealth.fgov.be"}]},{"name":"Message structure","telecom":[{"system":"email","value":"message-structure@ehealth.fgov.be"}]}],"description":"healthcare party in Belgium.","content":"complete","concept":[{"code":"deptanatomopathology","display":"anatomopathology","designation":[{"language":"en","value":"anatomopathology"},{"language":"nl-BE","value":"anatomo-pathologie"},{"language":"fr-BE","value":"anatomopathologie"},{"language":"de","value":"pathologische Anatomie"}]},{"code":"deptanesthesiology","display":"anesthesiology","designation":[{"language":"en","value":"anesthesiology"},{"language":"nl-BE","value":"anesthesiologie"},{"language":"fr-BE","value":"anesthésiologie"},{"language":"de","value":"Anästhesiologe"}]},{"code":"deptbacteriology","display":"bacteriology","designation":[{"language":"en","value":"bacteriology"},{"language":"nl-BE","value":"bacteriologie"},{"language":"fr-BE","value":"bactériologie"},{"language":"de","value":"Bakteriologie"}]},{"code":"deptcardiology","display":"cardiology","designation":[{"language":"en","value":"cardiology"},{"language":"nl-BE","value":"cardiologie"},{"language":"fr-BE","value":"cardiologie"},{"language":"de","value":"Kardiologie"}]},{"code":"deptdermatology","display":"dermatology","designation":[{"language":"en","value":"dermatology"},{"language":"nl-BE","value":"dermatologie"},{"language":"fr-BE","value":"dermatologie"},{"language":"de","value":"Dermatologie"}]},{"code":"deptdietetics","display":"dietetics","designation":[{"language":"en","value":"dietetics"},{"language":"nl-BE","value":"diëtetiek"},{"language":"fr-BE","value":"diététique"},{"language":"de","value":"Diätetik"}]},{"code":"deptemergency","display":"emergency","designation":[{"language":"en","value":"emergency"},{"language":"nl-BE","value":"spoeddiensten"},{"language":"fr-BE","value":"services d'urgence"},{"language":"de","value":"Notfalldienst"}]},{"code":"deptgastroenterology","display":"gastroenterology","designation":[{"language":"en","value":"gastroenterology"},{"language":"nl-BE","value":"gastro-enterologie"},{"language":"fr-BE","value":"gastroentérologie"},{"language":"de","value":"Gastroenterologie"}]},{"code":"deptgeneralpractice","display":"general practice","designation":[{"language":"en","value":"general practice"},{"language":"nl-BE","value":"algemene geneeskunde"},{"language":"fr-BE","value":"médecine générale"},{"language":"de","value":"Allgemeinmedizin"}]},{"code":"deptgenetics","display":"genetics","designation":[{"language":"en","value":"genetics"},{"language":"nl-BE","value":"genetica"},{"language":"fr-BE","value":"génétique"},{"language":"de","value":"Genetik"}]},{"code":"deptgeriatry","display":"geriatry","designation":[{"language":"en","value":"geriatry"},{"language":"nl-BE","value":"geriatrie"},{"language":"fr-BE","value":"gériatrie"},{"language":"de","value":"Geriatrie"}]},{"code":"deptgynecology","display":"gynecology","designation":[{"language":"en","value":"gynecology"},{"language":"nl-BE","value":"gynaecologie"},{"language":"fr-BE","value":"gynécologie"},{"language":"de","value":"Gynäkologie"}]},{"code":"depthematology","display":"hematology","designation":[{"language":"en","value":"hematology"},{"language":"nl-BE","value":"hematologie"},{"language":"fr-BE","value":"hématologie"},{"language":"de","value":"Hämatologie"}]},{"code":"deptintensivecare","display":"intensive care","designation":[{"language":"en","value":"intensive care"},{"language":"nl-BE","value":"intensieve zorgen"},{"language":"fr-BE","value":"soins intensifs"},{"language":"de","value":"Intensivmedizin"}]},{"code":"deptkinesitherapy","display":"kinesitherapy","designation":[{"language":"en","value":"kinesitherapy"},{"language":"nl-BE","value":"kinesitherapie"},{"language":"fr-BE","value":"kinésithérapie"},{"language":"de","value":"Bewegungstherapie"}]},{"code":"deptlaboratory","display":"Laboratory service or department within an organisation","designation":[{"language":"en","value":"Laboratory service or department within an organisation"},{"language":"nl-BE","value":"Laboratoriumdienst of -afdeling binnen een organisatie"},{"language":"fr-BE","value":"Service / Département laboratoire au sein d'une organisation"},{"language":"de","value":"Laboratorium Dienst/Abteilung in einer Organisation"}]},{"code":"deptmedicine","display":"internal medecine","designation":[{"language":"en","value":"internal medecine"},{"language":"nl-BE","value":"interne geneeskunde"},{"language":"fr-BE","value":"médicine interne"},{"language":"de","value":"Innere Medizin"}]},{"code":"deptmolecularbiology","display":"molecular biology","designation":[{"language":"en","value":"molecular biology"},{"language":"nl-BE","value":"moleculaire biologie"},{"language":"fr-BE","value":"biologie moléculaire"},{"language":"de","value":"Molekularbiologie"}]},{"code":"deptneonatalogy","display":"neonatalogy","designation":[{"language":"en","value":"neonatalogy"},{"language":"nl-BE","value":"neonatologie"},{"language":"fr-BE","value":"néonatologie"},{"language":"de","value":"Neonatologie"}]},{"code":"deptnephrology","display":"nephrology","designation":[{"language":"en","value":"nephrology"},{"language":"nl-BE","value":"nefrologie"},{"language":"fr-BE","value":"néphrologie"},{"language":"de","value":"Nephrologie"}]},{"code":"deptneurology","display":"neurology","designation":[{"language":"en","value":"neurology"},{"language":"nl-BE","value":"neurologie"},{"language":"fr-BE","value":"neurologie"},{"language":"de","value":"Neurologie"}]},{"code":"deptnte","display":"nose-throat-ear","designation":[{"language":"en","value":"nose-throat-ear"},{"language":"nl-BE","value":"oto-rhino-laryngologie"},{"language":"fr-BE","value":"oto-rhino-laryngologie"},{"language":"de","value":"Otorhinolaryngologie"}]},{"code":"deptnuclear","display":"nuclear","designation":[{"language":"en","value":"nuclear"},{"language":"nl-BE","value":"nucleaire geneeskunde"},{"language":"fr-BE","value":"médecine nucléaire"},{"language":"de","value":"Nuklearmedizin"}]},{"code":"deptoncology","display":"oncology","designation":[{"language":"en","value":"oncology"},{"language":"nl-BE","value":"oncologie"},{"language":"fr-BE","value":"oncologie"},{"language":"de","value":"Onkologie"}]},{"code":"deptophtalmology","display":"ophtalmology","designation":[{"language":"en","value":"ophtalmology"},{"language":"nl-BE","value":"oftalmologie"},{"language":"fr-BE","value":"ophtalmologie"},{"language":"de","value":"Augenheilkunde"}]},{"code":"deptpediatry","display":"pediatry","designation":[{"language":"en","value":"pediatry"},{"language":"nl-BE","value":"pediatrie"},{"language":"fr-BE","value":"pédiatrie"},{"language":"de","value":"Pädiatrie"}]},{"code":"deptpharmacy","display":"Pharmacy service or department within an organisation","designation":[{"language":"en","value":"Pharmacy service or department within an organisation"},{"language":"nl-BE","value":"Apotheekdienst of -afdeling binnen een organisatie"},{"language":"fr-BE","value":"Service / Département pharmacie au sein d'une organisation"},{"language":"de","value":"Pharmazie Dienst/Abteilung in einer Organisation"}]},{"code":"deptphysiotherapy","display":"physiotherapy","designation":[{"language":"en","value":"physiotherapy"},{"language":"nl-BE","value":"fysiotherapie"},{"language":"fr-BE","value":"physiothérapie"},{"language":"de","value":"Physiotherapie"}]},{"code":"deptpneumology","display":"pneumology","designation":[{"language":"en","value":"pneumology"},{"language":"nl-BE","value":"pulmonologie"},{"language":"fr-BE","value":"pneumologie"},{"language":"de","value":"Pulmonologie"}]},{"code":"deptpsychiatry","display":"psychiatry","designation":[{"language":"en","value":"psychiatry"},{"language":"nl-BE","value":"psychiatrie"},{"language":"fr-BE","value":"psychiatrie"},{"language":"de","value":"Psychiatrie"}]},{"code":"deptradiology","display":"radiology","designation":[{"language":"en","value":"radiology"},{"language":"nl-BE","value":"radiologie"},{"language":"fr-BE","value":"radiologie"},{"language":"de","value":"Radiologie"}]},{"code":"deptradiotherapy","display":"radiotherapy","designation":[{"language":"en","value":"radiotherapy"},{"language":"nl-BE","value":"radiotherapie"},{"language":"fr-BE","value":"radiothérapie"},{"language":"de","value":"Strahlentherapie"}]},{"code":"deptstomatology","display":"stomatology","designation":[{"language":"en","value":"stomatology"},{"language":"nl-BE","value":"stomatologie"},{"language":"fr-BE","value":"stomatologie"},{"language":"de","value":"Stomatologie"}]},{"code":"deptsurgery","display":"surgery","designation":[{"language":"en","value":"surgery"},{"language":"nl-BE","value":"chirurgie"},{"language":"fr-BE","value":"chirurgie"},{"language":"de","value":"Chirurgie"}]},{"code":"depttoxicology","display":"toxicology","designation":[{"language":"en","value":"toxicology"},{"language":"nl-BE","value":"toxicologie"},{"language":"fr-BE","value":"toxicologie"},{"language":"de","value":"Toxikologie"}]},{"code":"depturology","display":"urology","designation":[{"language":"en","value":"urology"},{"language":"nl-BE","value":"urologie"},{"language":"fr-BE","value":"urologie"},{"language":"de","value":"Urologie"}]},{"code":"orghospital","display":"hospital","designation":[{"language":"en","value":"hospital"},{"language":"nl-BE","value":"ziekenhuis"},{"language":"fr-BE","value":"hôpital"},{"language":"de","value":"Krankenhaus"}]},{"code":"orginsurance","display":"insurance","designation":[{"language":"en","value":"insurance"},{"language":"nl-BE","value":"verzekering"},{"language":"fr-BE","value":"assurance"},{"language":"de","value":"Versicherung"}]},{"code":"orglaboratory","display":"Independent laboratory","designation":[{"language":"en","value":"Independent laboratory"},{"language":"nl-BE","value":"Onafhankelijk laboratorium"},{"language":"fr-BE","value":"laboratoire indépendant"},{"language":"de","value":"Unabhängiges Laboratorium"}]},{"code":"orgpublichealth","display":"public health organisation","designation":[{"language":"en","value":"public health organisation"},{"language":"nl-BE","value":"openbare gezondheidsdienst"},{"language":"fr-BE","value":"service public de santé"},{"language":"de","value":"Gesundheitsbehörde"}]},{"code":"persbiologist","display":"medical laboratory technician","designation":[{"language":"en","value":"medical laboratory technician"},{"language":"nl-BE","value":"medisch laboratoriumtechnoloog"},{"language":"fr-BE","value":"technicien de laboratoire médical"},{"language":"de","value":"medizinischer Labortechniker"}]},{"code":"persdentist","display":"dentist","designation":[{"language":"en","value":"dentist"},{"language":"nl-BE","value":"tandarts"},{"language":"fr-BE","value":"dentiste"},{"language":"de","value":"Zahnarzt"}]},{"code":"persnurse","display":"nurse","designation":[{"language":"en","value":"nurse"},{"language":"nl-BE","value":"verpleegkundige"},{"language":"fr-BE","value":"infirmier"},{"language":"de","value":"Krankenpfleger/in"}]},{"code":"persparamedical","display":"paramedical","designation":[{"language":"en","value":"paramedical"},{"language":"nl-BE","value":"paramedisch personeel"},{"language":"fr-BE","value":"personnel paramédical"},{"language":"de","value":"medizinisches Hilfspersonal"}]},{"code":"perspharmacist","display":"pharmacist","designation":[{"language":"en","value":"pharmacist"},{"language":"nl-BE","value":"apotheker"},{"language":"fr-BE","value":"pharmacien"},{"language":"de","value":"Apotheker"}]},{"code":"persphysician","display":"physician","designation":[{"language":"en","value":"physician"},{"language":"nl-BE","value":"arts"},{"language":"fr-BE","value":"médecin"},{"language":"de","value":"Arzt"}]},{"code":"perssocialworker","display":"social worker","designation":[{"language":"en","value":"social worker"},{"language":"nl-BE","value":"maatschappelijk werker"},{"language":"fr-BE","value":"travailleur social"},{"language":"de","value":"Sozialarbeiter"}]},{"code":"perstechnician","display":"Medical Imaging Technician","designation":[{"language":"en","value":"Medical Imaging Technician"},{"language":"nl-BE","value":"Technicus medische beeldvorming"},{"language":"fr-BE","value":"Technicien d'imagerie médicale"},{"language":"de","value":"medizinische Bildgebung Techniker"}]},{"code":"persadministrative","display":"administrative","designation":[{"language":"en","value":"administrative"},{"language":"nl-BE","value":"administratieve medewerker"},{"language":"fr-BE","value":"personnel admistratif"},{"language":"de","value":"Büroangestellte(r)"}]},{"code":"persmidwife","display":"midwife","designation":[{"language":"en","value":"midwife"},{"language":"nl-BE","value":"vroedvrouw"},{"language":"fr-BE","value":"sage-femme"},{"language":"de","value":"Hebamme"}]},{"code":"application","display":"software application","designation":[{"language":"en","value":"software application"},{"language":"nl-BE","value":"softwaretoepassing"},{"language":"fr-BE","value":"application logicielle"},{"language":"de","value":"Softwareapplikation"}]},{"code":"deptorthopedy","display":"orthopedy","designation":[{"language":"en","value":"orthopedy"},{"language":"nl-BE","value":"orthopedie"},{"language":"fr-BE","value":"orthopédie"},{"language":"de","value":"Orthopädie"}]},{"code":"orgpractice","display":"practice organisation","designation":[{"language":"en","value":"practice organisation"},{"language":"nl-BE","value":"praktijk"},{"language":"fr-BE","value":"cabinet"},{"language":"de","value":"Praxis"}]},{"code":"orgpharmacy","display":"Independent pharmacy","designation":[{"language":"en","value":"Independent pharmacy"},{"language":"nl-BE","value":"Onafhankelijke apotheek"},{"language":"fr-BE","value":"Pharmacie indépendante"},{"language":"de","value":"Unabhängige Apotheke"}]},{"code":"deptalgology","display":"algology","designation":[{"language":"en","value":"algology"},{"language":"nl-BE","value":"algologie"},{"language":"fr-BE","value":"algologie"},{"language":"de","value":"Algologie"}]},{"code":"deptcardiacsurgery","display":"cardiac surgery","designation":[{"language":"en","value":"cardiac surgery"},{"language":"nl-BE","value":"hartchirurgie"},{"language":"fr-BE","value":"chirurgie cardiaque"},{"language":"de","value":"Herzchirurgie"}]},{"code":"depthandsurgery","display":"hand surgery","designation":[{"language":"en","value":"hand surgery"},{"language":"nl-BE","value":"handchirurgie"},{"language":"fr-BE","value":"chirurgie de la main"},{"language":"de","value":"Handchirurgie"}]},{"code":"deptmaxillofacialsurgery","display":"maxillofacial surgery","designation":[{"language":"en","value":"maxillofacial surgery"},{"language":"nl-BE","value":"mond-, kaak- en aangezichtschirurgie"},{"language":"fr-BE","value":"chirurgie maxillofaciale"},{"language":"de","value":"Mund-Kiefer-Gesichtschirurgie"}]},{"code":"deptpediatricsurgery","display":"pediatric surgery","designation":[{"language":"en","value":"pediatric surgery"},{"language":"nl-BE","value":"kinderchirurgie"},{"language":"fr-BE","value":"chirurgie pédiatrique"},{"language":"de","value":"Kinderchirurgie"}]},{"code":"deptplasticandreparatorysurgery","display":"plastic and reparatory surgery","designation":[{"language":"en","value":"plastic and reparatory surgery"},{"language":"nl-BE","value":"plastische en reconstructieve chirurgie"},{"language":"fr-BE","value":"chirurgie esthétique et réparatrice"},{"language":"de","value":"plastische Chirurgie und Reparaturchirurgie"}]},{"code":"deptthoracicsurgery","display":"thoracic surgery","designation":[{"language":"en","value":"thoracic surgery"},{"language":"nl-BE","value":"thoraxchirurgie"},{"language":"fr-BE","value":"chirurgie thoracique"},{"language":"de","value":"Thoraxchirurgie"}]},{"code":"deptvascularsurgery","display":"vascular surgery","designation":[{"language":"en","value":"vascular surgery"},{"language":"nl-BE","value":"vasculaire chirurgie"},{"language":"fr-BE","value":"chirurgie vasculaire"},{"language":"de","value":"Vaskuläre Chirurgie"}]},{"code":"deptvisceraldigestiveabdominalsurgery","display":"visceral digestive abdominal surgery","designation":[{"language":"en","value":"visceral digestive abdominal surgery"},{"language":"nl-BE","value":"digestieve/viscerale chirurgie/buikchirurgie"},{"language":"fr-BE","value":"chirurgie abdominale, digestive et viscérale"},{"language":"de","value":"Viszeralchirurgie/Abdominalchirurgie/Bauchchirurgie"}]},{"code":"deptdentistry","display":"dentistry","designation":[{"language":"en","value":"dentistry"},{"language":"nl-BE","value":"tandheelkunde"},{"language":"fr-BE","value":"dentisterie"},{"language":"de","value":"Zahnheilkunde"}]},{"code":"deptdiabetology","display":"diabetology","designation":[{"language":"en","value":"diabetology"},{"language":"nl-BE","value":"diabetologie"},{"language":"fr-BE","value":"diabétologie"},{"language":"de","value":"Diabetologie"}]},{"code":"deptendocrinology","display":"endocrinology","designation":[{"language":"en","value":"endocrinology"},{"language":"nl-BE","value":"endocrinologie/hormonenleer"},{"language":"fr-BE","value":"endocrinologie"},{"language":"de","value":"Endokrinologie"}]},{"code":"deptoccupationaltherapy","display":"occupational therapy","designation":[{"language":"en","value":"occupational therapy"},{"language":"nl-BE","value":"ergotherapie"},{"language":"fr-BE","value":"ergothérapie"},{"language":"de","value":"Ergotherapie"}]},{"code":"deptmajorburns","display":"major burns","designation":[{"language":"en","value":"major burns"},{"language":"nl-BE","value":"brandwondencentrum"},{"language":"fr-BE","value":"grands brûlés"},{"language":"de","value":"Zentrum für Schwerbrandverletzte"}]},{"code":"deptinfectiousdisease","display":"infectious disease","designation":[{"language":"en","value":"infectious disease"},{"language":"nl-BE","value":"infectieziekte"},{"language":"fr-BE","value":"maladie infectieuse"},{"language":"de","value":"Infektionskrankheit"}]},{"code":"deptspeechtherapy","display":"speech therapy","designation":[{"language":"en","value":"speech therapy"},{"language":"nl-BE","value":"logopedie"},{"language":"fr-BE","value":"logopédie"},{"language":"de","value":"Sprachtherapie"}]},{"code":"deptsportsmedecine","display":"sports medecine","designation":[{"language":"en","value":"sports medecine"},{"language":"nl-BE","value":"sportgeneeskunde"},{"language":"fr-BE","value":"médecine des sports"},{"language":"de","value":"Sportmedizin"}]},{"code":"deptphysicalmedecine","display":"physical medecine","designation":[{"language":"en","value":"physical medecine"},{"language":"nl-BE","value":"fysische geneeskunde"},{"language":"fr-BE","value":"médecine physique"},{"language":"de","value":"physikalische Medizin"}]},{"code":"depttropicalmedecine","display":"tropical medecine","designation":[{"language":"en","value":"tropical medecine"},{"language":"nl-BE","value":"tropische geneeskunde"},{"language":"fr-BE","value":"médecine tropicale"},{"language":"de","value":"Tropenmedizin"}]},{"code":"deptneurosurgery","display":"neuro surgery","designation":[{"language":"en","value":"neuro surgery"},{"language":"nl-BE","value":"neurologie"},{"language":"fr-BE","value":"neurologie"},{"language":"de","value":"Neurologie"}]},{"code":"deptnutritiondietetics","display":"nutrition dietetics","designation":[{"language":"en","value":"nutrition dietetics"},{"language":"nl-BE","value":"diëtetiek"},{"language":"fr-BE","value":"diététique nutritionnelle"},{"language":"de","value":"Diätetik"}]},{"code":"deptobstetrics","display":"obstetrics","designation":[{"language":"en","value":"obstetrics"},{"language":"nl-BE","value":"verloskunde"},{"language":"fr-BE","value":"obstétrique"},{"language":"de","value":"Geburtshilfe"}]},{"code":"deptchildandadolescentpsychiatry","display":"child and adolescent psychiatry","designation":[{"language":"en","value":"child and adolescent psychiatry"},{"language":"nl-BE","value":"kinder- en jeugdpsychiatrie"},{"language":"fr-BE","value":"psychiatrie de l'enfant et de l'adolescent"},{"language":"de","value":"Kinder-und Jugendpsychologie"}]},{"code":"deptpodiatry","display":"podiatry","designation":[{"language":"en","value":"podiatry"},{"language":"nl-BE","value":"podiatrie"},{"language":"fr-BE","value":"podiatrie"},{"language":"de","value":"Podiatrie"}]},{"code":"deptpsychology","display":"psychology","designation":[{"language":"en","value":"psychology"},{"language":"nl-BE","value":"psychologie"},{"language":"fr-BE","value":"psychologie"},{"language":"de","value":"Psychologie"}]},{"code":"deptrevalidation","display":"revalidation","designation":[{"language":"en","value":"revalidation"},{"language":"nl-BE","value":"revalidatie"},{"language":"fr-BE","value":"rééducation"},{"language":"de","value":"Rehabilitation"}]},{"code":"deptsenology","display":"senology","designation":[{"language":"en","value":"senology"},{"language":"nl-BE","value":"senologie"},{"language":"fr-BE","value":"sénologie"},{"language":"de","value":"Senologie"}]},{"code":"deptsocialservice","display":"social service","designation":[{"language":"en","value":"social service"},{"language":"nl-BE","value":"sociale dienst"},{"language":"fr-BE","value":"service social"},{"language":"de","value":"Sozialdienst"}]},{"code":"deptpediatricintensivecare","display":"pediatric intensive care","designation":[{"language":"en","value":"pediatric intensive care"},{"language":"nl-BE","value":"intensieve zorg voor kinderen"},{"language":"fr-BE","value":"soins intensifs pédiatriques"},{"language":"de","value":"Intensivpflege für Kinder"}]},{"code":"deptpalliativecare","display":"palliative care","designation":[{"language":"en","value":"palliative care"},{"language":"nl-BE","value":"palliatieve zorg"},{"language":"fr-BE","value":"soins palliatifs"},{"language":"de","value":"Palliativpflege"}]},{"code":"deptrheumatology","display":"rheumatology","designation":[{"language":"en","value":"rheumatology"},{"language":"nl-BE","value":"reumatologie"},{"language":"fr-BE","value":"rhumatologie"},{"language":"de","value":"Rheumatologie"}]},{"code":"persambulancefirstaid","display":"ambulance first aid","designation":[{"language":"en","value":"ambulance first aid"},{"language":"nl-BE","value":"ambulance eerste hulp"},{"language":"fr-BE","value":"ambulance premier secours"},{"language":"de","value":"Krankenwagen erste Hilfe"}]},{"code":"persaudician","display":"audician","designation":[{"language":"en","value":"audician"},{"language":"nl-BE","value":"audicien"},{"language":"fr-BE","value":"audicien"},{"language":"de","value":"Hörgeräteakustiker"}]},{"code":"persaudiologist","display":"audiologist","designation":[{"language":"en","value":"audiologist"},{"language":"nl-BE","value":"audioloog"},{"language":"fr-BE","value":"audiologue"},{"language":"de","value":"Audiologe"}]},{"code":"perscaregiver","display":"caregiver","designation":[{"language":"en","value":"caregiver"},{"language":"nl-BE","value":"mantelzorger"},{"language":"fr-BE","value":"soignant informel"},{"language":"de","value":"Pflegeperson"}],"property":[{"code":"status","valueCode":"deprecated"}]},{"code":"persdietician","display":"dietician","designation":[{"language":"en","value":"dietician"},{"language":"nl-BE","value":"dietist"},{"language":"fr-BE","value":"diététicien"},{"language":"de","value":"Diätist"}]},{"code":"perseducator","display":"educator","designation":[{"language":"en","value":"educator"},{"language":"nl-BE","value":"opvoeder"},{"language":"fr-BE","value":"éducateur"},{"language":"de","value":"Erzieher"}]},{"code":"perslogopedist","display":"logopedist","designation":[{"language":"en","value":"logopedist"},{"language":"nl-BE","value":"logopedist"},{"language":"fr-BE","value":"logopède"},{"language":"de","value":"Logopäde"}]},{"code":"persoccupationaltherapist","display":"occupational therapist","designation":[{"language":"en","value":"occupational therapist"},{"language":"nl-BE","value":"ergotherapeut"},{"language":"fr-BE","value":"ergothérapeute"},{"language":"de","value":"Ergotherapeut"}]},{"code":"persorthoptist","display":"orthoptist","designation":[{"language":"en","value":"orthoptist"},{"language":"nl-BE","value":"orthoptist"},{"language":"fr-BE","value":"orthoptiste"},{"language":"de","value":"Orthoptist"}]},{"code":"persoptician","display":"optician","designation":[{"language":"en","value":"optician"},{"language":"nl-BE","value":"opticien"},{"language":"fr-BE","value":"opticien"},{"language":"de","value":"Optiker"}]},{"code":"perspharmacyassistant","display":"pharmacy assistant","designation":[{"language":"en","value":"pharmacy assistant"},{"language":"nl-BE","value":"apothekersassistent"},{"language":"fr-BE","value":"assistant en pharmacie"},{"language":"de","value":"Apothekenhelfer"}]},{"code":"persphysiotherapist","display":"physiotherapist","designation":[{"language":"en","value":"physiotherapist"},{"language":"nl-BE","value":"kinesitherapeut"},{"language":"fr-BE","value":"kinésithérapeute"},{"language":"de","value":"Krankengymnast"}]},{"code":"perspodologist","display":"podologist","designation":[{"language":"en","value":"podologist"},{"language":"nl-BE","value":"podologist"},{"language":"fr-BE","value":"podologue"},{"language":"de","value":"Podologe"}]},{"code":"perspracticalnurse","display":"practical nurse","designation":[{"language":"en","value":"practical nurse"},{"language":"nl-BE","value":"verzorgende"},{"language":"fr-BE","value":"aide-soignante"},{"language":"de","value":"Pfleger"}]},{"code":"perspsychologist","display":"psychologist","designation":[{"language":"en","value":"psychologist"},{"language":"nl-BE","value":"psycholoog"},{"language":"fr-BE","value":"psychologue"},{"language":"de","value":"Psychologe"}]},{"code":"orgprimaryhealthcarecenter","display":"primary health care center","designation":[{"language":"en","value":"primary health care center"},{"language":"nl-BE","value":"medisch huis"},{"language":"fr-BE","value":"Maison médicale"},{"language":"de","value":"Gesundheitspflege der ersten Linie"}]},{"code":"guardpost","display":"Guard post","designation":[{"language":"en","value":"Guard post"},{"language":"nl-BE","value":"wachtpost"},{"language":"fr-BE","value":"poste de garde"},{"language":"de","value":"Wachposten"}]},{"code":"groupofphysicianssameaddress","display":"Group of physicians same address","designation":[{"language":"en","value":"Group of physicians same address"},{"language":"nl-BE","value":"groepering van artsen zelfde adres"},{"language":"fr-BE","value":"regroupement de médecins même adresse"},{"language":"de","value":"Gruppierung von Ärzten gleiche Adresse"}]},{"code":"groupofphysiciansdifferentaddress","display":"Group of physicians different address","designation":[{"language":"en","value":"Group of physicians different address"},{"language":"nl-BE","value":"Groepering van artsen verschillend adres"},{"language":"fr-BE","value":"Regroupement de médecins adresse différente"},{"language":"de","value":"Gruppierung von Ärzten andere Adresse"}]},{"code":"groupofnurses","display":"Group of nurses","designation":[{"language":"en","value":"Group of nurses"},{"language":"nl-BE","value":"Groepering van verplegers"},{"language":"fr-BE","value":"Regroupement d'infirmiers"},{"language":"de","value":"Krankenpflegeverein"}]},{"code":"certificateholder","display":"Certificate holder","designation":[{"language":"en","value":"Certificate holder"},{"language":"nl-BE","value":"Houder van certificaat"},{"language":"fr-BE","value":"Titulaire du certificat"},{"language":"de","value":"Zertifikatsinhaber"}]},{"code":"perstrussmaker","display":"Truss maker","designation":[{"language":"en","value":"Truss maker"},{"language":"nl-BE","value":"Bandagist"},{"language":"fr-BE","value":"Bandagiste"},{"language":"de","value":"Bandagist"}]},{"code":"patient","display":"Patient","designation":[{"language":"en","value":"Patient"},{"language":"nl-BE","value":"Patient"},{"language":"fr-BE","value":"Patient"},{"language":"de","value":"Patient"}]},{"code":"persorthotist","display":"Orthotist","designation":[{"language":"en","value":"Orthotist"},{"language":"nl-BE","value":"Orthopedische technieker"},{"language":"fr-BE","value":"Orthésiste/Prothésiste"},{"language":"de","value":"Orthopädietechniker"}]},{"code":"perspatientdriver","display":"Patient driver (not urgent)","designation":[{"language":"en","value":"Patient driver (not urgent)"},{"language":"nl-BE","value":"Ziekenvervoerder (niet urgent)"},{"language":"fr-BE","value":"Transporteur de patient (non urgent)"},{"language":"de","value":"Patientenfahrer (nicht dringend)"}]},{"code":"orgprevention","display":"Prevention organisation","designation":[{"language":"en","value":"Prevention organisation"},{"language":"nl-BE","value":"Preventiedienst"},{"language":"fr-BE","value":"Service de pévention"},{"language":"de","value":"Präventionsdienst"}]},{"code":"perspharmacistclinicalbiologist","display":"pharmacist-clinical biologist","designation":[{"language":"en","value":"pharmacist-clinical biologist"},{"language":"nl-BE","value":"apotheker-klinisch bioloog"},{"language":"fr-BE","value":"pharmacien-biologiste clinicien"},{"language":"de","value":"Apotheker-klinische Biologe"}]},{"code":"hub","display":"hub","designation":[{"language":"en","value":"hub"},{"language":"nl-BE","value":"hub"},{"language":"fr-BE","value":"hub"},{"language":"de","value":"hub"}]},{"code":"deptnursing","display":"nursing","designation":[{"language":"en","value":"nursing"},{"language":"nl-BE","value":"verpleegkunde"},{"language":"fr-BE","value":"soins infirmiers"},{"language":"de","value":"Krankenpflege"}]},{"code":"persoraldentalhygienist","display":"Oral dental hygienist","designation":[{"language":"en","value":"Oral dental hygienist"},{"language":"nl-BE","value":"Mondhygiënist"},{"language":"fr-BE","value":"Hygiéniste bucco-dentaire"},{"language":"de","value":"Dentalhygieniker"}]},{"code":"persclinicalpsychologist","display":"Clinical psychologist","designation":[{"language":"en","value":"Clinical psychologist"},{"language":"nl-BE","value":"Klinisch psycholoog"},{"language":"fr-BE","value":"Psychologue clinicien"},{"language":"de","value":"Klinischer Psychologe"}]},{"code":"persclinicalorthopedagogist","display":"Clinical orthopedagogist","designation":[{"language":"en","value":"Clinical orthopedagogist"},{"language":"nl-BE","value":"Klinisch orthopedagoog"},{"language":"fr-BE","value":"Orthopédagogue clinicien"},{"language":"de","value":"Klinischer Orthopädagoge"}]},{"code":"orgretirementhome","display":"retirementhome","designation":[{"language":"en","value":"retirementhome"},{"language":"nl-BE","value":"woonzorgcentrum"},{"language":"fr-BE","value":"maison de repos"},{"language":"de","value":"Altenheim"}]},{"code":"orgrevalidationcenter","display":"revalidation center","designation":[{"language":"en","value":"revalidation center"},{"language":"nl-BE","value":"revalidatiecentrum"},{"language":"fr-BE","value":"centre de revalidation"},{"language":"de","value":"Unfallkrankenhaus"}]},{"code":"orgshelteredliving","display":"sheltered living","designation":[{"language":"en","value":"sheltered living"},{"language":"nl-BE","value":"initiatief voor beschut wonen"},{"language":"fr-BE","value":"initiative d’habitation protégée"},{"language":"de","value":"geschütztes Leben"}]},{"code":"orgpsychiatriccarehome","display":"psychiatric care home","designation":[{"language":"en","value":"psychiatric care home"},{"language":"nl-BE","value":"psychiatrische verzorgingstehuis"},{"language":"fr-BE","value":"maison de soins psychiatriques"},{"language":"de","value":"psychiatrisches Pflegeheim"}]},{"code":"orgpolyclinic","display":"polyclinic","designation":[{"language":"en","value":"polyclinic"},{"language":"nl-BE","value":"polikliniek"},{"language":"fr-BE","value":"polyclinique"},{"language":"de","value":"Poliklinik"}]}]}