{"resourceType":"ValueSet","id":"be-riskmanifestation","text":{"status":"generated","div":"<div xmlns=\"http://www.w3.org/1999/xhtml\"><ul><li>Include these codes as defined in <a href=\"http://www.snomed.org/\"><code>http://snomed.info/sct</code></a><table class=\"none\"><tr><td style=\"white-space:nowrap\"><b>Code</b></td><td><b>Display</b></td><td><b>English (English, en)</b></td><td><b>Nederlands (België) (Dutch (Belgium), nl)</b></td><td><b>French (Belgium) (fr)</b></td></tr><tr><td><a href=\"http://browser.ihtsdotools.org/?perspective=full&amp;conceptId1=473460002\">473460002</a></td><td>Allergic conjunctivitis (disorder)</td><td>Allergic conjunctivitis</td><td>allergische conjunctivitis</td><td>conjonctivite allergique</td></tr><tr><td><a href=\"http://browser.ihtsdotools.org/?perspective=full&amp;conceptId1=39579001\">39579001</a></td><td>Anaphylaxis (disorder)</td><td>Anaphylaxis</td><td>anafylaxie</td><td>anaphylaxie</td></tr><tr><td><a href=\"http://browser.ihtsdotools.org/?perspective=full&amp;conceptId1=41291007\">41291007</a></td><td>Angioedema (disorder)</td><td>Angioedema</td><td>angio-oedeem</td><td>angiœdème</td></tr><tr><td><a href=\"http://browser.ihtsdotools.org/?perspective=full&amp;conceptId1=195967001\">195967001</a></td><td>Asthma (disorder)</td><td>Asthma</td><td>astma</td><td>asthme</td></tr><tr><td><a href=\"http://browser.ihtsdotools.org/?perspective=full&amp;conceptId1=24079001\">24079001</a></td><td>Atopic dermatitis (disorder)</td><td>Atopic dermatitis</td><td>atopische dermatitis</td><td>dermatite atopique</td></tr><tr><td><a href=\"http://browser.ihtsdotools.org/?perspective=full&amp;conceptId1=4386001\">4386001</a></td><td>Bronchospasm (finding)</td><td>Bronchospasm</td><td>bronchospasme</td><td>bronchospasme</td></tr><tr><td><a href=\"http://browser.ihtsdotools.org/?perspective=full&amp;conceptId1=271759003\">271759003</a></td><td>Bullous eruption (disorder)</td><td>Bullous eruption</td><td>bulleuse huideruptie</td><td>éruption bulleuse</td></tr><tr><td><a href=\"http://browser.ihtsdotools.org/?perspective=full&amp;conceptId1=698247007\">698247007</a></td><td>Cardiac arrhythmia (disorder)</td><td>Cardiac arrhythmia</td><td>hartritmestoornis</td><td>arythmie cardique</td></tr><tr><td><a href=\"http://browser.ihtsdotools.org/?perspective=full&amp;conceptId1=410430005\">410430005</a></td><td>Cardiorespiratory arrest (disorder)</td><td>Cardiorespiratory arrest</td><td>cardiopulmonale stilstand</td><td>arrêt cardiorespiratoire</td></tr><tr><td><a href=\"http://browser.ihtsdotools.org/?perspective=full&amp;conceptId1=9826008\">9826008</a></td><td>Conjunctivitis (disorder)</td><td>Conjunctivitis</td><td>conjunctivitis</td><td>conjonctivite</td></tr><tr><td><a href=\"http://browser.ihtsdotools.org/?perspective=full&amp;conceptId1=40275004\">40275004</a></td><td>Contact dermatitis (disorder)</td><td>Contact dermatitis</td><td>contactdermatitis</td><td>dermatite de contact</td></tr><tr><td><a href=\"http://browser.ihtsdotools.org/?perspective=full&amp;conceptId1=49727002\">49727002</a></td><td>Cough (finding)</td><td>Cough</td><td>hoesten</td><td>toux</td></tr><tr><td><a href=\"http://browser.ihtsdotools.org/?perspective=full&amp;conceptId1=62315008\">62315008</a></td><td>Diarrhea (finding)</td><td>Diarrhea</td><td>diarree</td><td>diarrhée</td></tr><tr><td><a href=\"http://browser.ihtsdotools.org/?perspective=full&amp;conceptId1=702809001\">702809001</a></td><td>Drug reaction with eosinophilia and systemic symptoms (disorder)</td><td>Drug reaction with eosinophilia and systemic symptoms</td><td>geneesmiddelexantheem met eosinofilie en systemische symptomen</td><td>réaction médicamenteuse avec éosinophilie et symptômes systémiques</td></tr><tr><td><a href=\"http://browser.ihtsdotools.org/?perspective=full&amp;conceptId1=297942002\">297942002</a></td><td>Drug-induced erythema multiforme (disorder)</td><td>Drug-induced erythema multiforme</td><td>geneesmiddelengeïnduceerde erythema multiforme</td><td>érythème polymorphe d'origine médicamenteuse</td></tr><tr><td><a href=\"http://browser.ihtsdotools.org/?perspective=full&amp;conceptId1=162290004\">162290004</a></td><td>Dry eyes (finding)</td><td>Dry eyes</td><td>droge ogen</td><td>sècheresse oculaire</td></tr><tr><td><a href=\"http://browser.ihtsdotools.org/?perspective=full&amp;conceptId1=267036007\">267036007</a></td><td>Dyspnea (finding)</td><td>Dyspnea</td><td>dyspneu</td><td>dyspnée</td></tr><tr><td><a href=\"http://browser.ihtsdotools.org/?perspective=full&amp;conceptId1=43116000\">43116000</a></td><td>Eczema (disorder)</td><td>Eczema</td><td>eczeem</td><td>eczéma</td></tr><tr><td><a href=\"http://browser.ihtsdotools.org/?perspective=full&amp;conceptId1=51599000\">51599000</a></td><td>Edema of larynx (disorder)</td><td>Edema of larynx</td><td>larynxoedeem</td><td>œdème du larynx</td></tr><tr><td><a href=\"http://browser.ihtsdotools.org/?perspective=full&amp;conceptId1=271807003\">271807003</a></td><td>Eruption of skin (disorder)</td><td>Eruption</td><td>huideruptie</td><td>éruption cutanée</td></tr><tr><td><a href=\"http://browser.ihtsdotools.org/?perspective=full&amp;conceptId1=386661006\">386661006</a></td><td>Fever (finding)</td><td>Fever</td><td>koorts</td><td>fièvre</td></tr><tr><td><a href=\"http://browser.ihtsdotools.org/?perspective=full&amp;conceptId1=418363000\">418363000</a></td><td>Itching of skin (finding)</td><td>Itching of skin</td><td>jeuk van huid</td><td>prurit de la peau</td></tr><tr><td><a href=\"http://browser.ihtsdotools.org/?perspective=full&amp;conceptId1=768962006\">768962006</a></td><td>Lyell syndrome (disorder)</td><td>Lyell syndrome</td><td>toxische epidermale necrolyse</td><td>nécrolyse épidermique toxique</td></tr><tr><td><a href=\"http://browser.ihtsdotools.org/?perspective=full&amp;conceptId1=422587007\">422587007</a></td><td>Nausea (finding)</td><td>Nausea</td><td>nausea</td><td>nausées</td></tr><tr><td><a href=\"http://browser.ihtsdotools.org/?perspective=full&amp;conceptId1=16932000\">16932000</a></td><td>Nausea and vomiting (disorder)</td><td>Nausea and vomiting</td><td>nausea en braken</td><td>nausées et vomissements</td></tr><tr><td><a href=\"http://browser.ihtsdotools.org/?perspective=full&amp;conceptId1=359610006\">359610006</a></td><td>Ocular hyperemia (disorder)</td><td>Ocular hyperemia</td><td>oculaire hyperemie</td><td>hyperémie oculaire</td></tr><tr><td><a href=\"http://browser.ihtsdotools.org/?perspective=full&amp;conceptId1=271757001\">271757001</a></td><td>Papular eruption (disorder)</td><td>Papular eruption</td><td>papulaire huideruptie</td><td>éruption papuleuse</td></tr><tr><td><a href=\"http://browser.ihtsdotools.org/?perspective=full&amp;conceptId1=70076002\">70076002</a></td><td>Rhinitis (disorder)</td><td>Rhinitis</td><td>rinitis</td><td>rhinite</td></tr><tr><td><a href=\"http://browser.ihtsdotools.org/?perspective=full&amp;conceptId1=91175000\">91175000</a></td><td>Seizure (finding)</td><td>Seizure</td><td>convulsie</td><td>convulsion</td></tr><tr><td><a href=\"http://browser.ihtsdotools.org/?perspective=full&amp;conceptId1=76067001\">76067001</a></td><td>Sneezing (finding)</td><td>Sneezing</td><td>niezen</td><td>éternuement</td></tr><tr><td><a href=\"http://browser.ihtsdotools.org/?perspective=full&amp;conceptId1=73442001\">73442001</a></td><td>Stevens-Johnson syndrome (disorder)</td><td>Stevens-Johnson syndrome</td><td>syndroom van Stevens-Johnson</td><td>syndrome de Stevens-Johnson</td></tr><tr><td><a href=\"http://browser.ihtsdotools.org/?perspective=full&amp;conceptId1=23924001\">23924001</a></td><td>Tight chest (finding)</td><td>Tight chest</td><td>drukkend gevoel op de borst</td><td>oppression thoracique</td></tr><tr><td><a href=\"http://browser.ihtsdotools.org/?perspective=full&amp;conceptId1=490008\">490008</a></td><td>Upper respiratory tract hypersensitivity reaction (disorder)</td><td>Upper respiratory tract hypersensitivity reaction</td><td>overgevoeligheidsreactie van bovenste luchtwegen</td><td>réaction d'hypersensibilité des voies respiratoires supérieures</td></tr><tr><td><a href=\"http://browser.ihtsdotools.org/?perspective=full&amp;conceptId1=126485001\">126485001</a></td><td>Urticaria (disorder)</td><td>Urticaria</td><td>urticaria</td><td>urticaire</td></tr><tr><td><a href=\"http://browser.ihtsdotools.org/?perspective=full&amp;conceptId1=31996006\">31996006</a></td><td>Vasculitis (disorder)</td><td>Vasculitis</td><td>vasculitis</td><td>vasculite</td></tr><tr><td><a href=\"http://browser.ihtsdotools.org/?perspective=full&amp;conceptId1=422400008\">422400008</a></td><td>Vomiting (disorder)</td><td>Vomiting</td><td>braken</td><td>vomissements</td></tr><tr><td><a href=\"http://browser.ihtsdotools.org/?perspective=full&amp;conceptId1=247472004\">247472004</a></td><td>Weal (disorder)</td><td>Weal</td><td>urticaire rash</td><td>éruption urticaire</td></tr></table></li></ul></div>"},"url":"https://www.ehealth.fgov.be/standards/fhir/ValueSet/be-riskmanifestation","version":"1.0.0","name":"BeRiskManifestation","status":"active","date":"2020-09-18T08:03:27+02:00","publisher":"eHealth Platform","contact":[{"name":"eHealth Platform","telecom":[{"system":"url","value":"https://www.ehealth.fgov.be"}]},{"name":"Message structure","telecom":[{"system":"email","value":"message-structure@ehealth.fgov.be"}]}],"description":"Codes as communicated by NIHDI and the FPS Terminology Center differentiating types of risk manifestation. This valueset supports the Belgian federal FHIR profiling effort.","compose":{"include":[{"system":"http://snomed.info/sct","concept":[{"code":"473460002","display":"Allergic conjunctivitis (disorder)","designation":[{"use":{"system":"http://snomed.info/sct","code":"900000000000003001","display":"Fully specified name"},"value":"Allergic conjunctivitis (disorder)"},{"language":"en","value":"Allergic conjunctivitis"},{"language":"nl-BE","value":"allergische conjunctivitis"},{"language":"fr-BE","value":"conjonctivite allergique"}]},{"code":"39579001","display":"Anaphylaxis (disorder)","designation":[{"use":{"system":"http://snomed.info/sct","code":"900000000000003001","display":"Fully specified name"},"value":"Anaphylaxis (disorder)"},{"language":"en","value":"Anaphylaxis"},{"language":"nl-BE","value":"anafylaxie"},{"language":"fr-BE","value":"anaphylaxie"}]},{"code":"41291007","display":"Angioedema (disorder)","designation":[{"use":{"system":"http://snomed.info/sct","code":"900000000000003001","display":"Fully specified name"},"value":"Angioedema (disorder)"},{"language":"en","value":"Angioedema"},{"language":"nl-BE","value":"angio-oedeem"},{"language":"fr-BE","value":"angiœdème"}]},{"code":"195967001","display":"Asthma (disorder)","designation":[{"use":{"system":"http://snomed.info/sct","code":"900000000000003001","display":"Fully specified name"},"value":"Asthma (disorder)"},{"language":"en","value":"Asthma"},{"language":"nl-BE","value":"astma"},{"language":"fr-BE","value":"asthme"}]},{"code":"24079001","display":"Atopic dermatitis (disorder)","designation":[{"use":{"system":"http://snomed.info/sct","code":"900000000000003001","display":"Fully specified name"},"value":"Atopic dermatitis (disorder)"},{"language":"en","value":"Atopic dermatitis"},{"language":"nl-BE","value":"atopische dermatitis"},{"language":"fr-BE","value":"dermatite atopique"}]},{"code":"4386001","display":"Bronchospasm (finding)","designation":[{"use":{"system":"http://snomed.info/sct","code":"900000000000003001","display":"Fully specified name"},"value":"Bronchospasm (finding)"},{"language":"en","value":"Bronchospasm"},{"language":"nl-BE","value":"bronchospasme"},{"language":"fr-BE","value":"bronchospasme"}]},{"code":"271759003","display":"Bullous eruption (disorder)","designation":[{"use":{"system":"http://snomed.info/sct","code":"900000000000003001","display":"Fully specified name"},"value":"Bullous eruption (disorder)"},{"language":"en","value":"Bullous eruption"},{"language":"nl-BE","value":"bulleuse huideruptie"},{"language":"fr-BE","value":"éruption bulleuse"}]},{"code":"698247007","display":"Cardiac arrhythmia (disorder)","designation":[{"use":{"system":"http://snomed.info/sct","code":"900000000000003001","display":"Fully specified name"},"value":"Cardiac arrhythmia (disorder)"},{"language":"en","value":"Cardiac arrhythmia"},{"language":"nl-BE","value":"hartritmestoornis"},{"language":"fr-BE","value":"arythmie cardique"}]},{"code":"410430005","display":"Cardiorespiratory arrest (disorder)","designation":[{"use":{"system":"http://snomed.info/sct","code":"900000000000003001","display":"Fully specified name"},"value":"Cardiorespiratory arrest (disorder)"},{"language":"en","value":"Cardiorespiratory arrest"},{"language":"nl-BE","value":"cardiopulmonale stilstand"},{"language":"fr-BE","value":"arrêt cardiorespiratoire"}]},{"code":"9826008","display":"Conjunctivitis (disorder)","designation":[{"use":{"system":"http://snomed.info/sct","code":"900000000000003001","display":"Fully specified name"},"value":"Conjunctivitis (disorder)"},{"language":"en","value":"Conjunctivitis"},{"language":"nl-BE","value":"conjunctivitis"},{"language":"fr-BE","value":"conjonctivite"}]},{"code":"40275004","display":"Contact dermatitis (disorder)","designation":[{"use":{"system":"http://snomed.info/sct","code":"900000000000003001","display":"Fully specified name"},"value":"Contact dermatitis (disorder)"},{"language":"en","value":"Contact dermatitis"},{"language":"nl-BE","value":"contactdermatitis"},{"language":"fr-BE","value":"dermatite de contact"}]},{"code":"49727002","display":"Cough (finding)","designation":[{"use":{"system":"http://snomed.info/sct","code":"900000000000003001","display":"Fully specified name"},"value":"Cough (finding)"},{"language":"en","value":"Cough"},{"language":"nl-BE","value":"hoesten"},{"language":"fr-BE","value":"toux"}]},{"code":"62315008","display":"Diarrhea (finding)","designation":[{"use":{"system":"http://snomed.info/sct","code":"900000000000003001","display":"Fully specified name"},"value":"Diarrhea (finding)"},{"language":"en","value":"Diarrhea"},{"language":"nl-BE","value":"diarree"},{"language":"fr-BE","value":"diarrhée"}]},{"code":"702809001","display":"Drug reaction with eosinophilia and systemic symptoms (disorder)","designation":[{"use":{"system":"http://snomed.info/sct","code":"900000000000003001","display":"Fully specified name"},"value":"Drug reaction with eosinophilia and systemic symptoms (disorder)"},{"language":"en","value":"Drug reaction with eosinophilia and systemic symptoms"},{"language":"nl-BE","value":"geneesmiddelexantheem met eosinofilie en systemische symptomen"},{"language":"fr-BE","value":"réaction médicamenteuse avec éosinophilie et symptômes systémiques"}]},{"code":"297942002","display":"Drug-induced erythema multiforme (disorder)","designation":[{"use":{"system":"http://snomed.info/sct","code":"900000000000003001","display":"Fully specified name"},"value":"Drug-induced erythema multiforme (disorder)"},{"language":"en","value":"Drug-induced erythema multiforme"},{"language":"nl-BE","value":"geneesmiddelengeïnduceerde erythema multiforme"},{"language":"fr-BE","value":"érythème polymorphe d'origine médicamenteuse"}]},{"code":"162290004","display":"Dry eyes (finding)","designation":[{"use":{"system":"http://snomed.info/sct","code":"900000000000003001","display":"Fully specified name"},"value":"Dry eyes (finding)"},{"language":"en","value":"Dry eyes"},{"language":"nl-BE","value":"droge ogen"},{"language":"fr-BE","value":"sècheresse oculaire"}]},{"code":"267036007","display":"Dyspnea (finding)","designation":[{"use":{"system":"http://snomed.info/sct","code":"900000000000003001","display":"Fully specified name"},"value":"Dyspnea (finding)"},{"language":"en","value":"Dyspnea"},{"language":"nl-BE","value":"dyspneu"},{"language":"fr-BE","value":"dyspnée"}]},{"code":"43116000","display":"Eczema (disorder)","designation":[{"use":{"system":"http://snomed.info/sct","code":"900000000000003001","display":"Fully specified name"},"value":"Eczema (disorder)"},{"language":"en","value":"Eczema"},{"language":"nl-BE","value":"eczeem"},{"language":"fr-BE","value":"eczéma"}]},{"code":"51599000","display":"Edema of larynx (disorder)","designation":[{"use":{"system":"http://snomed.info/sct","code":"900000000000003001","display":"Fully specified name"},"value":"Edema of larynx (disorder)"},{"language":"en","value":"Edema of larynx"},{"language":"nl-BE","value":"larynxoedeem"},{"language":"fr-BE","value":"œdème du larynx"}]},{"code":"271807003","display":"Eruption of skin (disorder)","designation":[{"use":{"system":"http://snomed.info/sct","code":"900000000000003001","display":"Fully specified name"},"value":"Eruption of skin (disorder)"},{"language":"en","value":"Eruption"},{"language":"nl-BE","value":"huideruptie"},{"language":"fr-BE","value":"éruption cutanée"}]},{"code":"386661006","display":"Fever (finding)","designation":[{"use":{"system":"http://snomed.info/sct","code":"900000000000003001","display":"Fully specified name"},"value":"Fever (finding)"},{"language":"en","value":"Fever"},{"language":"nl-BE","value":"koorts"},{"language":"fr-BE","value":"fièvre"}]},{"code":"418363000","display":"Itching of skin (finding)","designation":[{"use":{"system":"http://snomed.info/sct","code":"900000000000003001","display":"Fully specified name"},"value":"Itching of skin (finding)"},{"language":"en","value":"Itching of skin"},{"language":"nl-BE","value":"jeuk van huid"},{"language":"fr-BE","value":"prurit de la peau"}]},{"code":"768962006","display":"Lyell syndrome (disorder)","designation":[{"use":{"system":"http://snomed.info/sct","code":"900000000000003001","display":"Fully specified name"},"value":"Lyell syndrome (disorder)"},{"language":"en","value":"Lyell syndrome"},{"language":"nl-BE","value":"toxische epidermale necrolyse"},{"language":"fr-BE","value":"nécrolyse épidermique toxique"}]},{"code":"422587007","display":"Nausea (finding)","designation":[{"use":{"system":"http://snomed.info/sct","code":"900000000000003001","display":"Fully specified name"},"value":"Nausea (finding)"},{"language":"en","value":"Nausea"},{"language":"nl-BE","value":"nausea"},{"language":"fr-BE","value":"nausées"}]},{"code":"16932000","display":"Nausea and vomiting (disorder)","designation":[{"use":{"system":"http://snomed.info/sct","code":"900000000000003001","display":"Fully specified name"},"value":"Nausea and vomiting (disorder)"},{"language":"en","value":"Nausea and vomiting"},{"language":"nl-BE","value":"nausea en braken"},{"language":"fr-BE","value":"nausées et vomissements"}]},{"code":"359610006","display":"Ocular hyperemia (disorder)","designation":[{"use":{"system":"http://snomed.info/sct","code":"900000000000003001","display":"Fully specified name"},"value":"Ocular hyperemia (disorder)"},{"language":"en","value":"Ocular hyperemia"},{"language":"nl-BE","value":"oculaire hyperemie"},{"language":"fr-BE","value":"hyperémie oculaire"}]},{"code":"271757001","display":"Papular eruption (disorder)","designation":[{"use":{"system":"http://snomed.info/sct","code":"900000000000003001","display":"Fully specified name"},"value":"Papular eruption (disorder)"},{"language":"en","value":"Papular eruption"},{"language":"nl-BE","value":"papulaire huideruptie"},{"language":"fr-BE","value":"éruption papuleuse"}]},{"code":"70076002","display":"Rhinitis (disorder)","designation":[{"use":{"system":"http://snomed.info/sct","code":"900000000000003001","display":"Fully specified name"},"value":"Rhinitis (disorder)"},{"language":"en","value":"Rhinitis"},{"language":"nl-BE","value":"rinitis"},{"language":"fr-BE","value":"rhinite"}]},{"code":"91175000","display":"Seizure (finding)","designation":[{"use":{"system":"http://snomed.info/sct","code":"900000000000003001","display":"Fully specified name"},"value":"Seizure (finding)"},{"language":"en","value":"Seizure"},{"language":"nl-BE","value":"convulsie"},{"language":"fr-BE","value":"convulsion"}]},{"code":"76067001","display":"Sneezing (finding)","designation":[{"use":{"system":"http://snomed.info/sct","code":"900000000000003001","display":"Fully specified name"},"value":"Sneezing (finding)"},{"language":"en","value":"Sneezing"},{"language":"nl-BE","value":"niezen"},{"language":"fr-BE","value":"éternuement"}]},{"code":"73442001","display":"Stevens-Johnson syndrome (disorder)","designation":[{"use":{"system":"http://snomed.info/sct","code":"900000000000003001","display":"Fully specified name"},"value":"Stevens-Johnson syndrome (disorder)"},{"language":"en","value":"Stevens-Johnson syndrome"},{"language":"nl-BE","value":"syndroom van Stevens-Johnson"},{"language":"fr-BE","value":"syndrome de Stevens-Johnson"}]},{"code":"23924001","display":"Tight chest (finding)","designation":[{"use":{"system":"http://snomed.info/sct","code":"900000000000003001","display":"Fully specified name"},"value":"Tight chest (finding)"},{"language":"en","value":"Tight chest"},{"language":"nl-BE","value":"drukkend gevoel op de borst"},{"language":"fr-BE","value":"oppression thoracique"}]},{"code":"490008","display":"Upper respiratory tract hypersensitivity reaction (disorder)","designation":[{"use":{"system":"http://snomed.info/sct","code":"900000000000003001","display":"Fully specified name"},"value":"Upper respiratory tract hypersensitivity reaction (disorder)"},{"language":"en","value":"Upper respiratory tract hypersensitivity reaction"},{"language":"nl-BE","value":"overgevoeligheidsreactie van bovenste luchtwegen"},{"language":"fr-BE","value":"réaction d'hypersensibilité des voies respiratoires supérieures"}]},{"code":"126485001","display":"Urticaria (disorder)","designation":[{"use":{"system":"http://snomed.info/sct","code":"900000000000003001","display":"Fully specified name"},"value":"Urticaria (disorder)"},{"language":"en","value":"Urticaria"},{"language":"nl-BE","value":"urticaria"},{"language":"fr-BE","value":"urticaire"}]},{"code":"31996006","display":"Vasculitis (disorder)","designation":[{"use":{"system":"http://snomed.info/sct","code":"900000000000003001","display":"Fully specified name"},"value":"Vasculitis (disorder)"},{"language":"en","value":"Vasculitis"},{"language":"nl-BE","value":"vasculitis"},{"language":"fr-BE","value":"vasculite"}]},{"code":"422400008","display":"Vomiting (disorder)","designation":[{"use":{"system":"http://snomed.info/sct","code":"900000000000003001","display":"Fully specified name"},"value":"Vomiting (disorder)"},{"language":"en","value":"Vomiting"},{"language":"nl-BE","value":"braken"},{"language":"fr-BE","value":"vomissements"}]},{"code":"247472004","display":"Weal (disorder)","designation":[{"use":{"system":"http://snomed.info/sct","code":"900000000000003001","display":"Fully specified name"},"value":"Weal (disorder)"},{"language":"en","value":"Weal"},{"language":"nl-BE","value":"urticaire rash"},{"language":"fr-BE","value":"éruption urticaire"}]}]}]}}