{"resourceType":"ValueSet","id":"be-civilstate","text":{"status":"generated","div":"<div xmlns=\"http://www.w3.org/1999/xhtml\"><p>This value set includes codes based on the following rules:</p><ul><li>Include these codes as defined in <a href=\"https://terminology.hl7.org/1.0.0//CodeSystem-v3-MaritalStatus.html\"><code>http://terminology.hl7.org/CodeSystem/v3-MaritalStatus</code></a><table class=\"none\"><tr><td style=\"white-space:nowrap\"><b>Code</b></td><td><b>Display</b></td><td><b>English (English, en)</b></td><td><b>Nederlands (België) (Dutch (Belgium), nl)</b></td><td><b>French (Belgium) (fr)</b></td></tr><tr><td><a href=\"https://terminology.hl7.org/1.0.0//CodeSystem-v3-MaritalStatus.html#v3-MaritalStatus-A\">A</a></td><td>Annulled</td><td>Marriage contract has been declared null and to not have existed</td><td>Annuled</td><td>Nietigverklaring van huwelijk</td><td>Annulation de marriage</td></tr><tr><td><a href=\"https://terminology.hl7.org/1.0.0//CodeSystem-v3-MaritalStatus.html#v3-MaritalStatus-D\">D</a></td><td>Divorced</td><td>Marriage contract has been declared dissolved and inactive</td><td>Divorced</td><td>Echtgescheiden</td><td>Divorced</td></tr><tr><td><a href=\"https://terminology.hl7.org/1.0.0//CodeSystem-v3-MaritalStatus.html#v3-MaritalStatus-M\">M</a></td><td>Married</td><td>A current marriage contract is active</td><td>Married</td><td>Gehuwd</td><td>Marié</td></tr><tr><td><a href=\"https://terminology.hl7.org/1.0.0//CodeSystem-v3-MaritalStatus.html#v3-MaritalStatus-U\">U</a></td><td>unmarried</td><td>Currently not in a marriage contract.</td><td>Unmarried</td><td>Ongehuwd</td><td>Célibataire</td></tr><tr><td><a href=\"https://terminology.hl7.org/1.0.0//CodeSystem-v3-MaritalStatus.html#v3-MaritalStatus-W\">W</a></td><td>Widowed</td><td>The spouse has died</td><td>Widowed</td><td>Weduwnaar/weduwe</td><td>Veuf/veuve</td></tr></table></li><li>Include these codes as defined in <a href=\"CodeSystem-cd-civilstate.html\"><code>https://www.ehealth.fgov.be/standards/fhir/CodeSystem/cd-civilstate</code></a><table class=\"none\"><tr><td style=\"white-space:nowrap\"><b>Code</b></td><td><b>Display</b></td><td><b>English (English, en)</b></td><td><b>Nederlands (België) (Dutch (Belgium), nl)</b></td><td><b>French (Belgium) (fr)</b></td></tr><tr><td><a href=\"CodeSystem-cd-civilstate.html#cd-civilstate-10\">10</a></td><td>Unmarried</td><td>Unmarried</td><td>Ongehuwd</td><td>Célibataire</td></tr><tr><td><a href=\"CodeSystem-cd-civilstate.html#cd-civilstate-26\">26</a></td><td>Putative marriage</td><td>Putative marriage</td><td>Putatief huwelijk</td><td>Mariage putatif</td></tr><tr><td><a href=\"CodeSystem-cd-civilstate.html#cd-civilstate-40\">40</a></td><td>Divorced</td><td>Divorced</td><td>Echtgescheiden</td><td>Divorced</td></tr><tr><td><a href=\"CodeSystem-cd-civilstate.html#cd-civilstate-41\">41</a></td><td>Divorced since 1/10/1994</td><td>Divorced since 1/10/1994</td><td>Echtgescheiden vanaf 1/10/1994</td><td>Divorcé à partir du 1/10/1994</td></tr><tr><td><a href=\"CodeSystem-cd-civilstate.html#cd-civilstate-50\">50</a></td><td>Legal separation</td><td>Legal separation</td><td>Gescheiden van tafel en bed</td><td>Séparé de corps et de biens</td></tr><tr><td><a href=\"CodeSystem-cd-civilstate.html#cd-civilstate-51\">51</a></td><td>Legal separation since 1/10/1994</td><td>Legal separation since 1/10/1994</td><td>Gescheiden van tafel en bed sinds 1/10/1994</td><td>Séparé de corps et de biens à partir du 1/10/1994</td></tr><tr><td><a href=\"CodeSystem-cd-civilstate.html#cd-civilstate-60\">60</a></td><td>Repudiation</td><td>Repudiation</td><td>Verstoting</td><td>Répudiation</td></tr><tr><td><a href=\"CodeSystem-cd-civilstate.html#cd-civilstate-80\">80</a></td><td>Partnership</td><td>Partnership</td><td>Partnerschap</td><td>Partenariat</td></tr><tr><td><a href=\"CodeSystem-cd-civilstate.html#cd-civilstate-81\">81</a></td><td>End of partnership</td><td>End of partnership</td><td>Partnerschap beeindigd</td><td>Fin de partenariat</td></tr></table></li><li>Include these codes as defined in <a href=\"https://terminology.hl7.org/1.0.0//CodeSystem-v3-NullFlavor.html\"><code>http://terminology.hl7.org/CodeSystem/v3-NullFlavor</code></a><table class=\"none\"><tr><td style=\"white-space:nowrap\"><b>Code</b></td><td><b>Display</b></td><td><b>English (English, en)</b></td><td><b>Nederlands (België) (Dutch (Belgium), nl)</b></td><td><b>French (Belgium) (fr)</b></td></tr><tr><td><a href=\"https://terminology.hl7.org/1.0.0//CodeSystem-v3-NullFlavor.html#v3-NullFlavor-UNK\">UNK</a></td><td>unknown</td><td>**Description:**A proper value is applicable, but not known.<br/><br/>**Usage Notes**: This means the actual value is not known. If the only thing that is unknown is how to properly express the value in the necessary constraints (value set, datatype, etc.), then the OTH or UNC flavor should be used. No properties should be included for a datatype with this property unless:<br/><br/>1.  Those properties themselves directly translate to a semantic of &quot;unknown&quot;. (E.g. a local code sent as a translation that conveys 'unknown')<br/>2.  Those properties further qualify the nature of what is unknown. (E.g. specifying a use code of &quot;H&quot; and a URL prefix of &quot;tel:&quot; to convey that it is the home phone number that is unknown.)</td><td>Unknown</td><td>Onbepaald</td><td>Indéterminé</td></tr></table></li></ul></div>"},"url":"https://www.ehealth.fgov.be/standards/fhir/ValueSet/be-civilstate","version":"1.0.0","name":"BeCivilState","title":"ValueSet civil state","status":"active","date":"2020-09-25T13:06:43+02:00","publisher":"eHealth Platform","contact":[{"name":"eHealth Platform","telecom":[{"system":"url","value":"https://www.ehealth.fgov.be"}]},{"name":"Message structure","telecom":[{"system":"email","value":"message-structure@ehealth.fgov.be"}]}],"description":"Codes supported by eHealth Platform differentiating types of civil state. This valueset supports the Belgian federal FHIR profiling effort. \nWhenever possible add a code from http://terminology.hl7.org/CodeSystem/v3-MaritalStatus for international interoperability but also use https://www.ehealth.fgov.be/standards/fhir/CodeSystem/CD-CIVILSTATE \nfor the Belgian specific code.","compose":{"include":[{"system":"http://terminology.hl7.org/CodeSystem/v3-MaritalStatus","concept":[{"code":"A","designation":[{"language":"en","value":"Annuled"},{"language":"nl-BE","value":"Nietigverklaring van huwelijk"},{"language":"fr-BE","value":"Annulation de marriage"}]},{"code":"D","designation":[{"language":"en","value":"Divorced"},{"language":"nl-BE","value":"Echtgescheiden"},{"language":"fr-BE","value":"Divorced"}]},{"code":"M","designation":[{"language":"en","value":"Married"},{"language":"nl-BE","value":"Gehuwd"},{"language":"fr-BE","value":"Marié"}]},{"code":"U","designation":[{"language":"en","value":"Unmarried"},{"language":"nl-BE","value":"Ongehuwd"},{"language":"fr-BE","value":"Célibataire"}]},{"code":"W","designation":[{"language":"en","value":"Widowed"},{"language":"nl-BE","value":"Weduwnaar/weduwe"},{"language":"fr-BE","value":"Veuf/veuve"}]}]},{"system":"https://www.ehealth.fgov.be/standards/fhir/CodeSystem/cd-civilstate","concept":[{"code":"10","designation":[{"language":"en","value":"Unmarried"},{"language":"nl-BE","value":"Ongehuwd"},{"language":"fr-BE","value":"Célibataire"}]},{"code":"26","designation":[{"language":"en","value":"Putative marriage"},{"language":"nl-BE","value":"Putatief huwelijk"},{"language":"fr-BE","value":"Mariage putatif"}]},{"code":"40","designation":[{"language":"en","value":"Divorced"},{"language":"nl-BE","value":"Echtgescheiden"},{"language":"fr-BE","value":"Divorced"}]},{"code":"41","designation":[{"language":"en","value":"Divorced since 1/10/1994"},{"language":"nl-BE","value":"Echtgescheiden vanaf 1/10/1994"},{"language":"fr-BE","value":"Divorcé à partir du 1/10/1994"}]},{"code":"50","designation":[{"language":"en","value":"Legal separation"},{"language":"nl-BE","value":"Gescheiden van tafel en bed"},{"language":"fr-BE","value":"Séparé de corps et de biens"}]},{"code":"51","designation":[{"language":"en","value":"Legal separation since 1/10/1994"},{"language":"nl-BE","value":"Gescheiden van tafel en bed sinds 1/10/1994"},{"language":"fr-BE","value":"Séparé de corps et de biens à partir du 1/10/1994"}]},{"code":"60","designation":[{"language":"en","value":"Repudiation"},{"language":"nl-BE","value":"Verstoting"},{"language":"fr-BE","value":"Répudiation"}]},{"code":"80","designation":[{"language":"en","value":"Partnership"},{"language":"nl-BE","value":"Partnerschap"},{"language":"fr-BE","value":"Partenariat"}]},{"code":"81","designation":[{"language":"en","value":"End of partnership"},{"language":"nl-BE","value":"Partnerschap beeindigd"},{"language":"fr-BE","value":"Fin de partenariat"}]}]},{"system":"http://terminology.hl7.org/CodeSystem/v3-NullFlavor","concept":[{"code":"UNK","designation":[{"language":"en","value":"Unknown"},{"language":"nl-BE","value":"Onbepaald"},{"language":"fr-BE","value":"Indéterminé"}]}]}]}}