{
  "resourceType": "AllergyIntolerance",
  "id": "allergyIntolerance1",
  "meta": {
    "profile": [
      "https://www.ehealth.fgov.be/standards/fhir/StructureDefinition/be-allergyintolerance"
    ]
  },
  "text": {
    "status": "generated",
    "div": "<div xmlns=\"http://www.w3.org/1999/xhtml\"><p><b>Generated Narrative</b></p><p><b>clinicalStatus</b>: <span title=\"Codes: {http://terminology.hl7.org/CodeSystem/allergyintolerance-clinical active}\">Active</span></p><p><b>verificationStatus</b>: <span title=\"Codes: {http://terminology.hl7.org/CodeSystem/allergyintolerance-verification confirmed}\">Confirmed</span></p><p><b>type</b>: allergy</p><p><b>category</b>: food</p><p><b>criticality</b>: high</p><p><b>code</b>: <span title=\"Codes: {http://snomed.info/sct 278840001}\">Allergic to shrimp</span></p><p><b>patient</b>: <a href=\"Patient-patient1.html\">Generated Summary: Social Beneficiary Identifier: 79121137740 (OFFICIAL), Medical record number: 45XXP0PA-4 (USUAL); active; Josephine Nessa La Paradisio (OFFICIAL); nessa.laparadisio@belgium.be, Phone: +322476792979, Phone: +3226718655, Phone: +322476799; gender: female; birthDate: 1979-12-11; <span title=\"Codes: {http://terminology.hl7.org/CodeSystem/v3-MaritalStatus D}, {https://www.ehealth.fgov.be/standards/fhir/CodeSystem/cd-civilstate 41}\">Divorced</span></a></p><p><b>onset</b>: 2004</p><p><b>recordedDate</b>: Oct 9, 2014 5:58:00 AM</p><p><b>recorder</b>: <a href=\"Practitioner-practitioner1.html\">Generated Summary: id: 79121137740 (OFFICIAL), id: 18749704477 (OFFICIAL); Katherine Pulaski (OFFICIAL); katherine.pulaski@enterprisehospital.be, Phone: 022675198, Fax: 022675209; gender: female; birthDate: 1979-12-11</a></p><p><b>asserter</b>: <a href=\"Patient-patient1.html\">Generated Summary: Social Beneficiary Identifier: 79121137740 (OFFICIAL), Medical record number: 45XXP0PA-4 (USUAL); active; Josephine Nessa La Paradisio (OFFICIAL); nessa.laparadisio@belgium.be, Phone: +322476792979, Phone: +3226718655, Phone: +322476799; gender: female; birthDate: 1979-12-11; <span title=\"Codes: {http://terminology.hl7.org/CodeSystem/v3-MaritalStatus D}, {https://www.ehealth.fgov.be/standards/fhir/CodeSystem/cd-civilstate 41}\">Divorced</span></a></p><p><b>lastOccurrence</b>: 2012-06</p><p><b>note</b>: Some extra information can be given here.</p><h3>Reactions</h3><table class=\"grid\"><tr><td>-</td><td><b>Manifestation</b></td><td><b>Onset</b></td><td><b>Severity</b></td></tr><tr><td>*</td><td><span title=\"Codes: {http://snomed.info/sct 39579001}\">Anaphylactic reaction</span></td><td>2012-06-12</td><td>severe</td></tr></table></div>"
  },
  "clinicalStatus": {
    "coding": [
      {
        "system": "http://terminology.hl7.org/CodeSystem/allergyintolerance-clinical",
        "code": "active",
        "display": "Active"
      }
    ]
  },
  "verificationStatus": {
    "coding": [
      {
        "system": "http://terminology.hl7.org/CodeSystem/allergyintolerance-verification",
        "code": "confirmed"
      }
    ]
  },
  "type": "allergy",
  "category": [
    "food"
  ],
  "criticality": "high",
  "code": {
    "coding": [
      {
        "system": "http://snomed.info/sct",
        "code": "278840001",
        "display": "Shrimp (substance)"
      }
    ],
    "text": "Allergic to shrimp"
  },
  "patient": {
    "reference": "Patient/patient1"
  },
  "onsetDateTime": "2004",
  "recordedDate": "2014-10-09T14:58:00+11:00",
  "recorder": {
    "reference": "Practitioner/practitioner1"
  },
  "asserter": {
    "reference": "Patient/patient1"
  },
  "lastOccurrence": "2012-06",
  "note": [
    {
      "text": "Some extra information can be given here."
    }
  ],
  "reaction": [
    {
      "manifestation": [
        {
          "coding": [
            {
              "system": "http://snomed.info/sct",
              "code": "39579001",
              "display": "Anaphylactic reaction"
            }
          ]
        }
      ],
      "onset": "2012-06-12",
      "severity": "severe"
    }
  ]
}