{
  "resourceType": "Observation",
  "id": "observation1",
  "meta": {
    "profile": [
      "http://hl7.org/fhir/StructureDefinition/vitalsigns"
    ]
  },
  "text": {
    "status": "generated",
    "div": "<div xmlns=\"http://www.w3.org/1999/xhtml\">\n      <p>\n        <b>Generated Narrative with Details</b>\n      </p>\n      <p>\n        <b>id</b>: heart-rate</p>\n      <p>\n        <b>meta</b>: </p>\n      <p>\n        <b>status</b>: final</p>\n      <p>\n        <b>category</b>: Vital Signs <span>(Details : {http://terminology.hl7.org/CodeSystem/observation-category code 'vital-signs' = 'Vital Signs', given as 'Vital Signs'})</span></p>\n      <p>\n        <b>code</b>: Heart rate <span>(Details : {LOINC code '8867-4' = 'Heart rate', given as 'Heart rate'})</span></p>\n      <p>\n        <b>subject</b>: <a>Patient/example</a></p>\n      <p>\n        <b>effective</b>: 02/07/1999</p>\n      <p>\n        <b>value</b>: 44 beats/minute<span> (Details: UCUM code /min = '/min')</span></p>\n    </div>"
  },
  "status": "final",
  "category": [
    {
      "coding": [
        {
          "system": "http://terminology.hl7.org/CodeSystem/observation-category",
          "code": "vital-signs",
          "display": "Vital Signs"
        }
      ],
      "text": "Vital Signs"
    }
  ],
  "code": {
    "coding": [
      {
        "system": "http://loinc.org",
        "code": "8867-4",
        "display": "Heart rate"
      },
      {
        "system": "http://snomed.info/sct",
        "code": "364075005",
        "display": "Heart rate (observable entity)"
      },
      {
        "system": "http://my-own-custom-codes",
        "code": "H-RATE",
        "display": "Heart rate"
      }
    ],
    "text": "Heart rate"
  },
  "subject": {
    "reference": "Patient/example"
  },
  "effectiveDateTime": "1999-07-02",
  "performer": [
    {
      "reference": "Practitioner/example"
    }
  ],
  "valueQuantity": {
    "value": 44,
    "unit": "beats/minute",
    "system": "http://unitsofmeasure.org",
    "code": "/min"
  }
}