{
  "resourceType": "Organization",
  "id": "organization1",
  "meta": {
    "versionId": "1",
    "lastUpdated": "2019-07-01T13:30:55.864+00:00",
    "profile": [
      "https://www.ehealth.fgov.be/standards/fhir/StructureDefinition/be-organization"
    ]
  },
  "text": {
    "status": "generated",
    "div": "<div xmlns=\"http://www.w3.org/1999/xhtml\">\n      <div class=\"hapiHeaderText\">Enterprise Hospital<b/></div>\n      <table class=\"hapiPropertyTable\">\n        <tbody>\n          <tr>\n            <td>Identifier</td>\n            <td>0425.222.333</td>\n          </tr>\n          <tr>\n            <td>Address</td>\n            <td>\n              <span>Brussel </span>\n              <span>BE</span>\n            </td>\n          </tr>\n          <tr>\n            <td/>\n            <td>\n              <span/>\n            </td>\n          </tr>\n        </tbody>\n      </table>\n    </div>"
  },
  "identifier": [
    {
      "use": "official",
      "type": {
        "coding": [
          {
            "system": "http://terminology.hl7.org/CodeSystem/v2-0203",
            "code": "PRN",
            "display": "Provider Number"
          }
        ]
      },
      "system": "https://www.ehealth.fgov.be/standards/fhir/NamingSystem/cbe",
      "value": "0425.222.333"
    },
    {
      "use": "official",
      "type": {
        "coding": [
          {
            "system": "http://terminology.hl7.org/CodeSystem/v2-0203",
            "code": "MD",
            "display": "Medical License number"
          }
        ]
      },
      "system": "https://www.ehealth.fgov.be/standards/fhir/NamingSystem/nihdi",
      "value": "999999999"
    }
  ],
  "active": true,
  "type": [
    {
      "coding": [
        {
          "system": "https://www.ehealth.fgov.be/standards/fhir/CodeSystem/cd-hcparty",
          "code": "orghospital"
        }
      ]
    }
  ],
  "name": "Enterprise Hospital Ziekenhuis",
  "telecom": [
    {
      "system": "phone",
      "value": "+322675199",
      "use": "work"
    }
  ],
  "address": [
    {
      "extension": [
        {
          "url": "http://hl7.org/fhir/StructureDefinition/language",
          "valueCode": "nl"
        }
      ],
      "use": "work",
      "type": "both",
      "text": "Vulcansstraat 120, 1000 Brussel",
      "line": [
        "Vulcansstraat 120"
      ],
      "_line": [
        {
          "extension": [
            {
              "url": "http://hl7.org/fhir/StructureDefinition/iso21090-ADXP-streetName",
              "valueString": "Vulcansstraat"
            },
            {
              "url": "http://hl7.org/fhir/StructureDefinition/iso21090-ADXP-houseNumber",
              "valueString": "120"
            }
          ]
        }
      ],
      "city": "Brussel",
      "postalCode": "1000",
      "country": "BE"
    },
    {
      "extension": [
        {
          "url": "http://hl7.org/fhir/StructureDefinition/language",
          "valueCode": "fr"
        }
      ],
      "use": "work",
      "type": "both",
      "text": "120, Rue des Vulcans, 1000 Bruxelles",
      "line": [
        "120, Rue des Vulcans"
      ],
      "_line": [
        {
          "extension": [
            {
              "url": "http://hl7.org/fhir/StructureDefinition/iso21090-ADXP-streetName",
              "valueString": "Rue des Vulcans"
            },
            {
              "url": "http://hl7.org/fhir/StructureDefinition/iso21090-ADXP-houseNumber",
              "valueString": "120"
            }
          ]
        }
      ],
      "city": "Bruxelles",
      "postalCode": "1000",
      "country": "BE"
    }
  ]
}